region,year,territorial_emissions
africa,1850,0
africa,1851,0
africa,1852,0
africa,1853,0
africa,1854,0
africa,1855,0
africa,1856,0
africa,1857,0
africa,1858,0
africa,1859,0
africa,1860,0
africa,1861,0
africa,1862,0
africa,1863,0
africa,1864,0
africa,1865,0
africa,1866,0
africa,1867,0
africa,1868,0
africa,1869,0
africa,1870,0
africa,1871,0
africa,1872,0
africa,1873,0
africa,1874,0
africa,1875,0
africa,1876,0
africa,1877,0
africa,1878,0
africa,1879,0
africa,1880,0
africa,1881,0
africa,1882,0
africa,1883,0
africa,1884,0.006
africa,1885,0.01
africa,1886,0.013
africa,1887,0.013
africa,1888,0.022
africa,1889,0.036
africa,1890,0.081
africa,1891,0.081
africa,1892,0.131
africa,1893,0.491
africa,1894,0.664
africa,1895,0.911
africa,1896,1.162
africa,1897,1.304
africa,1898,1.651
africa,1899,1.506
africa,1900,0.636
africa,1901,1.067
africa,1902,1.59
africa,1903,2.155
africa,1904,2.432
africa,1905,2.801
africa,1906,3.198
africa,1907,3.529
africa,1908,3.658
africa,1909,4.199
africa,1910,4.752
africa,1911,4.603
africa,1912,4.9
africa,1913,5.351
africa,1914,5.336
africa,1915,5.351
africa,1916,6.347
africa,1917,6.917
africa,1918,6.748
africa,1919,6.944
africa,1920,7.656
africa,1921,7.638
africa,1922,6.542
africa,1923,7.927
africa,1924,8.36
africa,1925,8.784
africa,1926,9.399
africa,1927,9.236
africa,1928,9.48971572934739
africa,1929,9.77118368709346
africa,1930,9.19641725056243
africa,1931,8.04140618514032
africa,1932,7.26603488188976
africa,1933,7.77596351181102
africa,1934,8.88080773454403
africa,1935,9.80063945307512
africa,1936,10.6484590551181
africa,1937,11.4203776523768
africa,1938,12.012326351378
africa,1939,12.7873713327257
africa,1940,13.5505427257218
africa,1941,14.7443941732283
africa,1942,16.0542806299213
africa,1943,16.4081952366698
africa,1944,18.1858377590296
africa,1945,18.4299086924732
africa,1946,18.6024464104469
africa,1947,18.5411419809339
africa,1948,19.5778214509664
africa,1949,21.1035816975273
africa,1950,25.8919216378655
africa,1951,27.5996927847302
africa,1952,30.1105936407622
africa,1953,30.5695983131499
africa,1954,32.0786392754413
africa,1955,35.3172716649105
africa,1956,36.8739744306006
africa,1957,38.6444077601062
africa,1958,40.5761215780567
africa,1959,40.3496788480526
africa,1960,42.7312149003148
africa,1961,44.2124256043765
africa,1962,45.3970737743381
africa,1963,48.1263248051638
africa,1964,52.8491580207693
africa,1965,58.306322806644
africa,1966,60.338994867955
africa,1967,64.6957288533743
africa,1968,70.2457400116632
africa,1969,75.850430685681
africa,1970,82.593863441618
africa,1971,90.573529098981
africa,1972,96.0346904215708
africa,1973,103.166848935425
africa,1974,106.001528620966
africa,1975,105.694631447606
africa,1976,114.667323778583
africa,1977,118.20827194563
africa,1978,126.22463273198
africa,1979,136.206523872121
africa,1980,146.200430807846
africa,1981,149.717064254468
africa,1982,156.03809305577
africa,1983,162.270011884662
africa,1984,177.216525130537
africa,1985,181.681975186046
africa,1986,188.235375741989
africa,1987,188.23680117151
africa,1988,197.786429344651
africa,1989,190.444738845026
africa,1990,179.659961951329
africa,1991,187.724295180434
africa,1992,182.012595172407
africa,1993,192.863132593454
africa,1994,215.685149714562
africa,1995,230.498258568188
africa,1996,238.075835490442
africa,1997,243.989674841002
africa,1998,249.025965244695
africa,1999,245.542165331027
africa,2000,253.829587598971
africa,2001,250.963943536921
africa,2002,245.432095662878
africa,2003,269.801981484603
africa,2004,285.168044011598
africa,2005,290.166221626687
africa,2006,298.077194616008
africa,2007,306.416605848991
africa,2008,320.853884382804
africa,2009,320.183527144031
africa,2010,331.70379300615
africa,2011,342.54172769459
africa,2012,342.751229816026
africa,2013,345.37628887684
africa,2014,367.059088695153
africa,2015,360.20095334677
africa,2016,369.945088229595
africa,2017,373.82606534029
africa,2018,370.377745487849
africa,2019,397.803897662475
africa,2020,370.201255845518
africa,2021,391.702081671385
africa,2022,386.629030577164
asia,1850,0.00359912297002036
asia,1851,0
asia,1852,0
asia,1853,0
asia,1854,0
asia,1855,0.0109134696510295
asia,1856,0
asia,1857,0
asia,1858,0.122991218863383
asia,1859,0.189967186447059
asia,1860,0.199448998783582
asia,1861,0.166106346552432
asia,1862,0.177607802668882
asia,1863,0.19518672335113
asia,1864,0.189631128740632
asia,1865,0.185494210727414
asia,1866,0.271875440539679
asia,1867,0.111613445065386
asia,1868,0.0958603169837159
asia,1869,0.130969287941698
asia,1870,0.141703837119481
asia,1871,0.19155664670719
asia,1872,0.198471259583766
asia,1873,0.18883138698135
asia,1874,0.375854970815908
asia,1875,0.641446614102672
asia,1876,0.691456623964015
asia,1877,0.666793887936441
asia,1878,1.40063958618868
asia,1879,1.51385062032772
asia,1880,1.65116093584344
asia,1881,1.68259700219178
asia,1882,1.83482683647267
asia,1883,2.03150596921884
asia,1884,2.18698102361865
asia,1885,2.27677159910446
asia,1886,2.44982309816069
asia,1887,2.80830772475498
asia,1888,3.12440076214367
asia,1889,3.65110300987179
asia,1890,4.0169608604679
asia,1891,4.58470060867203
asia,1892,4.87505893885357
asia,1893,5.45481284987041
asia,1894,6.10106185492771
asia,1895,7.07659479530686
asia,1896,7.52861722074777
asia,1897,8.23415166018359
asia,1898,9.81505066637272
asia,1899,10.3641377685822
asia,1900,11.7251982285857
asia,1901,13.485131565827
asia,1902,14.0155718819826
asia,1903,14.697396093212
asia,1904,16.521403309331
asia,1905,16.7756267746208
asia,1906,18.7480086312861
asia,1907,26.0126285898695
asia,1908,28.4541768416615
asia,1909,29.2687827561323
asia,1910,29.7177710971479
asia,1911,31.4920183785538
asia,1912,32.0724523596428
asia,1913,36.697547315613
asia,1914,38.2166584638932
asia,1915,36.6285274112494
asia,1916,40.2204066742578
asia,1917,43.3385134448643
asia,1918,44.4780444851175
asia,1919,48.6623696507141
asia,1920,46.0114863585131
asia,1921,44.6772607372425
asia,1922,46.6808210195495
asia,1923,50.8067337358338
asia,1924,53.85367405801
asia,1925,54.2775421474865
asia,1926,54.7877295931644
asia,1927,59.1356238261653
asia,1928,62.0356302581445
asia,1929,64.7926331408415
asia,1930,64.1439035200308
asia,1931,61.7893066839314
asia,1932,61.1956998811907
asia,1933,67.0977960153207
asia,1934,75.6670489525959
asia,1935,82.3038278087089
asia,1936,88.6444110772277
asia,1937,92.7401710745358
asia,1938,95.1176331456871
asia,1939,100.079027159204
asia,1940,116.330906616627
asia,1941,120.725285177732
asia,1942,109.145944201229
asia,1943,105.79942984729
asia,1944,101.756155194028
asia,1945,66.0244269163263
asia,1946,55.3440146781495
asia,1947,67.2153634251081
asia,1948,75.1136549566366
asia,1949,93.0074620370155
asia,1950,100.647318922988
asia,1951,117.032823837399
asia,1952,131.303107577585
asia,1953,140.035012776952
asia,1954,152.668108852861
asia,1955,170.477802464194
asia,1956,188.357069475163
asia,1957,213.404088256256
asia,1958,292.28699878878
asia,1959,355.644391898107
asia,1960,395.306442787371
asia,1961,354.552070381811
asia,1962,336.615289319037
asia,1963,354.705731300445
asia,1964,371.929231927057
asia,1965,403.186992321695
asia,1966,436.231665938497
asia,1967,442.112100625401
asia,1968,485.743740362624
asia,1969,551.706263869496
asia,1970,658.552550680754
asia,1971,714.962865851576
asia,1972,755.835118242131
asia,1973,798.067608514951
asia,1974,810.235413628331
asia,1975,857.88692832402
asia,1976,899.209690639971
asia,1977,958.817514102873
asia,1978,1007.7342159515
asia,1979,1046.12461958338
asia,1980,1048.78529166046
asia,1981,1042.21523360909
asia,1982,1079.78926778302
asia,1983,1121.20825166739
asia,1984,1188.43075692281
asia,1985,1254.73121406995
asia,1986,1304.70680902483
asia,1987,1364.7515735315
asia,1988,1477.64106008435
asia,1989,1524.18547627691
asia,1990,1573.77754215706
asia,1991,1636.95176470328
asia,1992,1700.64831560694
asia,1993,1767.90937843431
asia,1994,1848.71422288077
asia,1995,1946.74898478018
asia,1996,2034.09023659977
asia,1997,2071.28501299356
asia,1998,1994.13101306314
asia,1999,2100.5345557392
asia,2000,2167.05146080081
asia,2001,2207.22419675523
asia,2002,2344.67657858571
asia,2003,2594.74368371359
asia,2004,2742.78792736711
asia,2005,2956.47499918404
asia,2006,3161.75616221066
asia,2007,3354.8111660089
asia,2008,3517.82690612895
asia,2009,3637.54381756702
asia,2010,3920.99713165994
asia,2011,4241.42534169438
asia,2012,4388.56224917671
asia,2013,4465.3130924683
asia,2014,4523.79186043263
asia,2015,4533.88596651713
asia,2016,4553.11943327552
asia,2017,4676.43541447587
asia,2018,4841.29607144644
asia,2019,4964.59066298172
asia,2020,4914.1037988183
asia,2021,5132.60508811699
asia,2022,5213.58922135613
bunkers,1850,0
bunkers,1851,0
bunkers,1852,0
bunkers,1853,0
bunkers,1854,0
bunkers,1855,0
bunkers,1856,0
bunkers,1857,0
bunkers,1858,0
bunkers,1859,0
bunkers,1860,0
bunkers,1861,0
bunkers,1862,0
bunkers,1863,0
bunkers,1864,0
bunkers,1865,0
bunkers,1866,0
bunkers,1867,0
bunkers,1868,0
bunkers,1869,0
bunkers,1870,0
bunkers,1871,0
bunkers,1872,0
bunkers,1873,0
bunkers,1874,0
bunkers,1875,0
bunkers,1876,0
bunkers,1877,0
bunkers,1878,0
bunkers,1879,0
bunkers,1880,0
bunkers,1881,0
bunkers,1882,0
bunkers,1883,0
bunkers,1884,0
bunkers,1885,0
bunkers,1886,0
bunkers,1887,0
bunkers,1888,0
bunkers,1889,0
bunkers,1890,0
bunkers,1891,0
bunkers,1892,0
bunkers,1893,0
bunkers,1894,0
bunkers,1895,0
bunkers,1896,0
bunkers,1897,0
bunkers,1898,0
bunkers,1899,0
bunkers,1900,0
bunkers,1901,0
bunkers,1902,0
bunkers,1903,0
bunkers,1904,0
bunkers,1905,0
bunkers,1906,0
bunkers,1907,0
bunkers,1908,0
bunkers,1909,0
bunkers,1910,0
bunkers,1911,0
bunkers,1912,0
bunkers,1913,0
bunkers,1914,0
bunkers,1915,0
bunkers,1916,0
bunkers,1917,0
bunkers,1918,0
bunkers,1919,0
bunkers,1920,0
bunkers,1921,0
bunkers,1922,0
bunkers,1923,0
bunkers,1924,0
bunkers,1925,0
bunkers,1926,0
bunkers,1927,0
bunkers,1928,0
bunkers,1929,0
bunkers,1930,0
bunkers,1931,0
bunkers,1932,0
bunkers,1933,0
bunkers,1934,0
bunkers,1935,0
bunkers,1936,0
bunkers,1937,0
bunkers,1938,0
bunkers,1939,0
bunkers,1940,0
bunkers,1941,0
bunkers,1942,0
bunkers,1943,0
bunkers,1944,0
bunkers,1945,0
bunkers,1946,0
bunkers,1947,0
bunkers,1948,0
bunkers,1949,0
bunkers,1950,35.042
bunkers,1951,41.806
bunkers,1952,42.619
bunkers,1953,44.242
bunkers,1954,44.403
bunkers,1955,51.062
bunkers,1956,54.919
bunkers,1957,61.049
bunkers,1958,56.743
bunkers,1959,58.234
bunkers,1960,64.9835472023484
bunkers,1961,71.8391763674155
bunkers,1962,74.4821158339787
bunkers,1963,77.9719324606757
bunkers,1964,85.4191210255089
bunkers,1965,88.234660579806
bunkers,1966,95.4746813659886
bunkers,1967,102.148202004982
bunkers,1968,108.043405201557
bunkers,1969,113.101743220593
bunkers,1970,119.229645104851
bunkers,1971,125.903807389884
bunkers,1972,134.257862103619
bunkers,1973,143.654649307331
bunkers,1974,133.433554440974
bunkers,1975,122.125330779592
bunkers,1976,119.741766567743
bunkers,1977,122.520656862433
bunkers,1978,124.356167497665
bunkers,1979,124.803967066362
bunkers,1980,121.795890671613
bunkers,1981,112.433110908775
bunkers,1982,101.779282111343
bunkers,1983,97.7208981277398
bunkers,1984,98.0750993414916
bunkers,1985,100.169978332383
bunkers,1986,107.332203852518
bunkers,1987,143.840778423363
bunkers,1988,148.746620874655
bunkers,1989,154.113536355218
bunkers,1990,149.795873421708
bunkers,1991,148.386810402862
bunkers,1992,151.351047070837
bunkers,1993,152.319740626797
bunkers,1994,159.736998775985
bunkers,1995,168.758644745218
bunkers,1996,182.763412839819
bunkers,1997,192.206413521036
bunkers,1998,203.921499886557
bunkers,1999,211.282152924635
bunkers,2000,214.133757215244
bunkers,2001,212.627539813714
bunkers,2002,217.904205702995
bunkers,2003,226.778163150395
bunkers,2004,246.56134514914
bunkers,2005,256.420367605274
bunkers,2006,270.698459148936
bunkers,2007,286.315911797749
bunkers,2008,289.056660364082
bunkers,2009,277.016470829154
bunkers,2010,294.691379299615
bunkers,2011,302.479061970278
bunkers,2012,299.305773219534
bunkers,2013,303.679959392696
bunkers,2014,305.789817785
bunkers,2015,316.617825179359
bunkers,2016,320.327221580295
bunkers,2017,334.645954584541
bunkers,2018,344.274353805644
bunkers,2019,345.030166414951
bunkers,2020,234.382304890121
bunkers,2021,247.820160774294
bunkers,2022,286.392329356314
central_america,1850,0
central_america,1851,0
central_america,1852,0
central_america,1853,0
central_america,1854,0
central_america,1855,0
central_america,1856,0
central_america,1857,0
central_america,1858,0
central_america,1859,0
central_america,1860,0
central_america,1861,0
central_america,1862,0
central_america,1863,0
central_america,1864,0
central_america,1865,0
central_america,1866,0
central_america,1867,0
central_america,1868,0
central_america,1869,0
central_america,1870,0
central_america,1871,0
central_america,1872,0
central_america,1873,0
central_america,1874,0
central_america,1875,0
central_america,1876,0
central_america,1877,0
central_america,1878,0
central_america,1879,0
central_america,1880,0
central_america,1881,0
central_america,1882,0
central_america,1883,0
central_america,1884,0
central_america,1885,0
central_america,1886,0
central_america,1887,0
central_america,1888,0
central_america,1889,0
central_america,1890,0
central_america,1891,0
central_america,1892,0
central_america,1893,0
central_america,1894,0
central_america,1895,0
central_america,1896,0
central_america,1897,0
central_america,1898,0
central_america,1899,0
central_america,1900,0
central_america,1901,0
central_america,1902,0
central_america,1903,0
central_america,1904,0
central_america,1905,0
central_america,1906,0
central_america,1907,0
central_america,1908,0
central_america,1909,0.007
central_america,1910,0.018
central_america,1911,0.034
central_america,1912,0.054
central_america,1913,0.061
central_america,1914,0.079
central_america,1915,0.091
central_america,1916,0.113
central_america,1917,0.144
central_america,1918,0.21
central_america,1919,0.177
central_america,1920,0.237
central_america,1921,0.273
central_america,1922,0.268
central_america,1923,0.33
central_america,1924,0.452
central_america,1925,0.531
central_america,1926,0.698308879
central_america,1927,0.747874198909091
central_america,1928,1.2876631615
central_america,1929,1.4877161695
central_america,1930,1.65511591695455
central_america,1931,1.38664591868182
central_america,1932,1.42379351636364
central_america,1933,1.68327827663636
central_america,1934,1.93785266495455
central_america,1935,2.09805253868182
central_america,1936,2.33761120954545
central_america,1937,2.87783930540909
central_america,1938,3.25162906140909
central_america,1939,3.49146135454545
central_america,1940,3.66575120272727
central_america,1941,3.62244574146707
central_america,1942,3.459238106631
central_america,1943,3.67559013724946
central_america,1944,4.02571260265855
central_america,1945,4.27295389545061
central_america,1946,4.41366304395132
central_america,1947,4.89831422281568
central_america,1948,5.11791482935362
central_america,1949,3.82448905511811
central_america,1950,5.08544873172287
central_america,1951,6.67729440944882
central_america,1952,5.56510814341171
central_america,1953,5.89407629180176
central_america,1954,8.03900244094488
central_america,1955,7.75570217639069
central_america,1956,8.74142680997309
central_america,1957,9.62129705864513
central_america,1958,10.716179730971
central_america,1959,10.951272519685
central_america,1960,9.79747488145551
central_america,1961,10.3679655390143
central_america,1962,12.1599562204724
central_america,1963,10.531867007874
central_america,1964,12.3195915374902
central_america,1965,12.2264382870097
central_america,1966,12.1902750060641
central_america,1967,13.5063317322835
central_america,1968,13.9103419590551
central_america,1969,15.4849945257072
central_america,1970,18.3506686539853
central_america,1971,19.5064142138616
central_america,1972,20.5262116460894
central_america,1973,23.4098319572039
central_america,1974,23.1887228315438
central_america,1975,24.1015668187292
central_america,1976,28.3129604971694
central_america,1977,27.4231476929341
central_america,1978,26.6492807344376
central_america,1979,27.6391544104837
central_america,1980,27.3948797082887
central_america,1981,25.6668226422516
central_america,1982,26.2425243750879
central_america,1983,23.5801943835785
central_america,1984,25.9999278867944
central_america,1985,27.6345721303527
central_america,1986,23.5539543484241
central_america,1987,24.9118930108199
central_america,1988,24.9021313124545
central_america,1989,26.4032505040396
central_america,1990,25.2826268935097
central_america,1991,25.0143962979295
central_america,1992,24.6154968733964
central_america,1993,24.7338690801816
central_america,1994,25.7365144901362
central_america,1995,27.5923464395906
central_america,1996,29.1411172926214
central_america,1997,30.9354049620432
central_america,1998,31.0247402079183
central_america,1999,32.463997434549
central_america,2000,35.6777786175623
central_america,2001,37.090833386501
central_america,2002,38.3398982963798
central_america,2003,40.2382500093957
central_america,2004,39.3837578360699
central_america,2005,41.7621940673627
central_america,2006,44.5486236507935
central_america,2007,45.9143238239414
central_america,2008,45.7515497677009
central_america,2009,45.2629729072212
central_america,2010,47.2198831036705
central_america,2011,47.1973768835789
central_america,2012,46.9380174967446
central_america,2013,47.0724351144517
central_america,2014,47.9239244475467
central_america,2015,49.8536740320581
central_america,2016,48.2000955521296
central_america,2017,47.2731119366242
central_america,2018,47.3345910415132
central_america,2019,48.977301848841
central_america,2020,42.2373918410743
central_america,2021,44.3592784041463
central_america,2022,44.1691019460523
eu27,1850,14.7898400766559
eu27,1851,15.638
eu27,1852,17.545
eu27,1853,19.427
eu27,1854,22.467
eu27,1855,24.7875473292147
eu27,1856,26.309
eu27,1857,27.416
eu27,1858,28.8935771005993
eu27,1859,28.383793894575
eu27,1860,30.7460133606884
eu27,1861,33.8023683230366
eu27,1862,36.5927450403564
eu27,1863,38.0700160328261
eu27,1864,41.1837477124941
eu27,1865,44.7114496207775
eu27,1866,45.9413786337172
eu27,1867,49.2603866501303
eu27,1868,51.6794572593204
eu27,1869,53.8613946665433
eu27,1870,54.0736439040414
eu27,1871,57.7456706254182
eu27,1872,64.1627003968028
eu27,1873,68.695261464576
eu27,1874,60.1042286431835
eu27,1875,69.5730576534186
eu27,1876,72.69263170401
eu27,1877,70.9289595671113
eu27,1878,73.2832027045937
eu27,1879,77.5814519420917
eu27,1880,89.7537630166266
eu27,1881,90.1022912630073
eu27,1882,95.2391176011046
eu27,1883,101.706024859073
eu27,1884,102.714030203348
eu27,1885,103.981260373586
eu27,1886,104.468612270353
eu27,1887,109.433256930134
eu27,1888,117.733031741875
eu27,1889,124.061147777406
eu27,1890,131.45369782548
eu27,1891,136.826148412243
eu27,1892,134.721960015571
eu27,1893,136.987284497515
eu27,1894,143.88910643212
eu27,1895,148.282703776211
eu27,1896,157.013016965915
eu27,1897,166.093345473483
eu27,1898,173.443093611491
eu27,1899,182.680655840843
eu27,1900,194.363703716268
eu27,1901,193.686428754526
eu27,1902,190.080490984085
eu27,1903,202.806065581094
eu27,1904,206.648543492923
eu27,1905,217.185566309581
eu27,1906,221.712159128353
eu27,1907,253.13834151343
eu27,1908,262.562424752036
eu27,1909,260.64742058803
eu27,1910,265.518322271831
eu27,1911,270.935116650248
eu27,1912,290.498967044809
eu27,1913,312.822483647513
eu27,1914,267.731059695372
eu27,1915,245.639397603798
eu27,1916,258.211613561743
eu27,1917,256.087554139018
eu27,1918,241.111756841858
eu27,1919,187.486415501447
eu27,1920,235.109151936203
eu27,1921,244.031968728428
eu27,1922,250.572541969587
eu27,1923,224.726769331153
eu27,1924,272.978481239886
eu27,1925,276.129639238861
eu27,1926,266.903243730364
eu27,1927,300.04645193941
eu27,1928,307.092079357723
eu27,1929,337.262854423258
eu27,1930,306.598120820947
eu27,1931,276.129065738019
eu27,1932,244.042612829735
eu27,1933,251.593775495254
eu27,1934,271.15433804516
eu27,1935,283.844774677457
eu27,1936,295.816232053532
eu27,1937,332.94074746949
eu27,1938,336.3386492322
eu27,1939,346.35681445388
eu27,1940,360.37223513806
eu27,1941,355.175530552972
eu27,1942,360.442128252633
eu27,1943,363.444950403192
eu27,1944,311.593528189729
eu27,1945,134.531196442073
eu27,1946,231.35604266175
eu27,1947,270.41177192176
eu27,1948,298.976425609541
eu27,1949,330.568096011743
eu27,1950,348.72066450221
eu27,1951,390.203253508477
eu27,1952,405.773263120824
eu27,1953,413.464988537806
eu27,1954,439.763240212023
eu27,1955,475.786011455641
eu27,1956,509.552057080153
eu27,1957,525.727584455398
eu27,1958,521.501135210791
eu27,1959,529.611469893976
eu27,1960,572.97241879494
eu27,1961,600.159857340293
eu27,1962,642.437356694256
eu27,1963,685.641310263382
eu27,1964,721.452058623326
eu27,1965,730.406976466845
eu27,1966,752.654725911085
eu27,1967,769.469076888122
eu27,1968,816.750704311748
eu27,1969,870.96565227038
eu27,1970,909.029007728063
eu27,1971,934.648367171453
eu27,1972,970.185862195034
eu27,1973,1017.44631618135
eu27,1974,1012.19389101519
eu27,1975,992.354913114245
eu27,1976,1067.60653197359
eu27,1977,1057.08816493251
eu27,1978,1092.70312559745
eu27,1979,1122.58064609023
eu27,1980,1112.85498755778
eu27,1981,1054.41625638248
eu27,1982,1029.31522290539
eu27,1983,1017.59987213972
eu27,1984,1027.1816885768
eu27,1985,1042.73497127955
eu27,1986,1038.5537790155
eu27,1987,1047.93557555628
eu27,1988,1036.54286618495
eu27,1989,1046.68044363722
eu27,1990,1056.33933777334
eu27,1991,1038.36177166366
eu27,1992,1003.99111438246
eu27,1993,985.217754355684
eu27,1994,980.011553394489
eu27,1995,992.646821822921
eu27,1996,1015.80569863255
eu27,1997,997.689666839748
eu27,1998,995.041604272102
eu27,1999,979.901956088508
eu27,2000,982.944537851497
eu27,2001,998.434835509819
eu27,2002,998.609422026301
eu27,2003,1021.58372615096
eu27,2004,1024.56208842427
eu27,2005,1019.33827775837
eu27,2006,1021.97800736797
eu27,2007,1012.07554083675
eu27,2008,989.180855804997
eu27,2009,908.985662928585
eu27,2010,936.529708411613
eu27,2011,909.092070563058
eu27,2012,889.309318906316
eu27,2013,867.501405328688
eu27,2014,830.12589810824
eu27,2015,844.094397336144
eu27,2016,845.523017813577
eu27,2017,851.468922490725
eu27,2018,831.39723119255
eu27,2019,792.620642344411
eu27,2020,717.78674174097
eu27,2021,765.764646925141
eu27,2022,753.795610222243
europe,1850,48.2464996635095
europe,1851,47.45060918332
europe,1852,49.24473830895
europe,1853,50.9561893611538
europe,1854,60.4710333066774
europe,1855,60.4634130932353
europe,1856,64.6237705939835
europe,1857,65.0462936367495
europe,1858,65.9174500122049
europe,1859,69.504682906087
europe,1860,76.9140735952062
europe,1861,82.0086069993159
europe,1862,83.2535816334254
europe,1863,87.6722883142474
europe,1864,94.6037963524666
europe,1865,101.314219003563
europe,1866,104.692742397811
europe,1867,109.668386554935
europe,1868,110.861139683016
europe,1869,116.092030712058
europe,1870,117.744296162881
europe,1871,125.477443353293
europe,1872,135.518528740416
europe,1873,142.605168613019
europe,1874,132.247145029184
europe,1875,145.918553385897
europe,1876,149.327543376036
europe,1877,149.002206112064
europe,1878,150.589595169464
europe,1879,155.453860620286
europe,1880,174.873788086726
europe,1881,179.522404375494
europe,1882,185.642598013166
europe,1883,196.168680177415
europe,1884,194.907109615497
europe,1885,195.593462235499
europe,1886,195.409743762759
europe,1887,202.86048688098
europe,1888,214.929153901529
europe,1889,225.041557253311
europe,1890,235.416555812492
europe,1891,243.723815537975
europe,1892,239.987124213182
europe,1893,233.316066315242
europe,1894,253.249881246612
europe,1895,259.993356752782
europe,1896,271.87580905429
europe,1897,285.385406384982
europe,1898,294.528447448138
europe,1899,313.727988321709
europe,1900,329.077686395553
europe,1901,326.203941836514
europe,1902,326.439060817334
europe,1903,339.834484188839
europe,1904,346.184522029121
europe,1905,356.353202661578
europe,1906,367.743530598163
europe,1907,407.430170432831
europe,1908,414.093334565677
europe,1909,414.533185859603
europe,1910,419.931299236789
europe,1911,429.619520534947
europe,1912,445.555669944466
europe,1913,482.366479930957
europe,1914,429.571569678212
europe,1915,407.437264755749
europe,1916,426.083055251001
europe,1917,418.506486239461
europe,1918,380.488629338007
europe,1919,323.092047936697
europe,1920,374.922113130643
europe,1921,342.020269083301
europe,1922,381.529128554545
europe,1923,364.557008858553
europe,1924,420.733404881394
europe,1925,416.713596649959
europe,1926,357.121701773989
europe,1927,455.861025937808
europe,1928,457.668554714774
europe,1929,496.834867185705
europe,1930,469.811474930635
europe,1931,438.534544296389
europe,1932,407.509149114075
europe,1933,419.617710165396
europe,1934,459.201384814806
europe,1935,482.320371453771
europe,1936,512.277935435665
europe,1937,555.97369464031
europe,1938,558.544438302399
europe,1939,571.696674104296
europe,1940,608.316351566457
europe,1941,585.097980459974
europe,1942,545.060053870276
europe,1943,546.862659421559
europe,1944,515.881354025058
europe,1945,336.866689862504
europe,1946,452.407573584421
europe,1947,520.868045580334
europe,1948,561.392643688559
europe,1949,612.374496609408
europe,1950,650.486938497
europe,1951,717.868426085821
europe,1952,740.732590572977
europe,1953,761.895368037424
europe,1954,810.620908559425
europe,1955,882.583217995157
europe,1956,940.324876277096
europe,1957,980.710015341806
europe,1958,991.214688268943
europe,1959,1013.45210576405
europe,1960,1082.03449625777
europe,1961,1121.56849647935
europe,1962,1183.52930817523
europe,1963,1258.04317980518
europe,1964,1320.76801114103
europe,1965,1359.60994992318
europe,1966,1406.42408789579
europe,1967,1437.50319827867
europe,1968,1504.49862696451
europe,1969,1586.40542569548
europe,1970,1663.34405589053
europe,1971,1725.76091865924
europe,1972,1788.24464716545
europe,1973,1868.0954676675
europe,1974,1873.05045132306
europe,1975,1883.83349888033
europe,1976,1986.09008470758
europe,1977,2001.42815182572
europe,1978,2064.87747756959
europe,1979,2113.88279367291
europe,1980,2114.97209274894
europe,1981,2038.09761859654
europe,1982,2021.7266244144
europe,1983,2023.49661705612
europe,1984,2037.41176858064
europe,1985,2125.87579594911
europe,1986,2129.40945336432
europe,1987,2135.77532239859
europe,1988,2146.00506931452
europe,1989,2136.69051475257
europe,1990,2193.89479475941
europe,1991,2112.02598147682
europe,1992,1937.15898541709
europe,1993,1858.0697065253
europe,1994,1759.72245879521
europe,1995,1753.47915567286
europe,1996,1766.68821467995
europe,1997,1710.62598400827
europe,1998,1703.31883581536
europe,1999,1680.61188309875
europe,2000,1680.01935486716
europe,2001,1714.58938775438
europe,2002,1705.78514450455
europe,2003,1745.73983516235
europe,2004,1754.70165009875
europe,2005,1752.60521166097
europe,2006,1780.03291331759
europe,2007,1768.47593644654
europe,2008,1748.08550123797
europe,2009,1608.31916171708
europe,2010,1671.39517396489
europe,2011,1650.9841693779
europe,2012,1637.39765597305
europe,2013,1595.21035090596
europe,2014,1532.26253652255
europe,2015,1532.34034808433
europe,2016,1530.23377872974
europe,2017,1538.88857203711
europe,2018,1531.77974587625
europe,2019,1483.72306799662
europe,2020,1372.59744823052
europe,2021,1449.3201202878
europe,2022,1393.37003042826
kp_annex_b,1850,53.6938975849738
kp_annex_b,1851,54.2216426741618
kp_annex_b,1852,56.6086833380389
kp_annex_b,1853,59.2577616613298
kp_annex_b,1854,69.6051224124126
kp_annex_b,1855,70.9746866549974
kp_annex_b,1856,75.6813443540825
kp_annex_b,1857,76.4006594644642
kp_annex_b,1858,77.4443346202536
kp_annex_b,1859,82.0866901214711
kp_annex_b,1860,90.1216997762169
kp_annex_b,1861,94.7446263734304
kp_annex_b,1862,96.5634499820077
kp_annex_b,1863,103.01143821215
kp_annex_b,1864,111.079781188989
kp_annex_b,1865,117.902823633106
kp_annex_b,1866,121.518380149166
kp_annex_b,1867,130.295810986214
kp_annex_b,1868,133.988907934461
kp_annex_b,1869,142.218577771572
kp_annex_b,1870,145.341671540909
kp_annex_b,1871,154.426198947335
kp_annex_b,1872,170.894244456774
kp_annex_b,1873,181.604545624279
kp_annex_b,1874,170.019534764192
kp_annex_b,1875,184.383986419932
kp_annex_b,1876,186.965463506353
kp_annex_b,1877,190.628643254628
kp_annex_b,1878,191.574231905747
kp_annex_b,1879,205.288757037715
kp_annex_b,1880,231.861375476895
kp_annex_b,1881,239.914296290381
kp_annex_b,1882,253.384944449696
kp_annex_b,1883,269.427852228207
kp_annex_b,1884,272.431575612592
kp_annex_b,1885,274.465191770837
kp_annex_b,1886,278.681418991793
kp_annex_b,1887,292.230843260664
kp_annex_b,1888,323.685006596016
kp_annex_b,1889,323.222894898508
kp_annex_b,1890,351.871731217221
kp_annex_b,1891,368.355933825977
kp_annex_b,1892,370.742890762392
kp_annex_b,1893,365.215828760541
kp_annex_b,1894,377.887580146486
kp_annex_b,1895,399.772956560476
kp_annex_b,1896,412.540479471006
kp_annex_b,1897,431.735383573369
kp_annex_b,1898,454.536373393222
kp_annex_b,1899,496.560110275739
kp_annex_b,1900,523.387191720503
kp_annex_b,1901,538.884529764477
kp_annex_b,1902,551.902857855917
kp_annex_b,1903,601.607383650611
kp_annex_b,1904,606.942261635067
kp_annex_b,1905,646.719316428062
kp_annex_b,1906,673.396223413253
kp_annex_b,1907,762.528289655062
kp_annex_b,1908,729.129363206353
kp_annex_b,1909,759.36493124175
kp_annex_b,1910,796.719332879876
kp_annex_b,1911,806.917416427088
kp_annex_b,1912,849.702952814518
kp_annex_b,1913,917.824447392952
kp_annex_b,1914,830.810823012799
kp_annex_b,1915,818.180487326412
kp_annex_b,1916,883.173222559754
kp_annex_b,1917,922.281005740292
kp_annex_b,1918,908.645128255778
kp_annex_b,1919,775.426059400879
kp_annex_b,1920,899.700348960362
kp_annex_b,1921,777.059620934774
kp_annex_b,1922,817.934155876377
kp_annex_b,1923,934.615891282064
kp_annex_b,1924,933.9246526137
kp_annex_b,1925,946.686270653093
kp_annex_b,1926,930.033222455414
kp_annex_b,1927,1020.97433716928
kp_annex_b,1928,1014.48901297231
kp_annex_b,1929,1091.15747568382
kp_annex_b,1930,1000.21996578273
kp_annex_b,1931,889.426775524763
kp_annex_b,1932,794.736621356394
kp_annex_b,1933,835.477970774346
kp_annex_b,1934,904.377126251413
kp_annex_b,1935,944.243206601152
kp_annex_b,1936,1039.61166341251
kp_annex_b,1937,1109.61871424304
kp_annex_b,1938,1035.98727476707
kp_annex_b,1939,1094.05634158257
kp_annex_b,1940,1195.23323994183
kp_annex_b,1941,1225.31568353347
kp_annex_b,1942,1231.37101010259
kp_annex_b,1943,1255.75399572296
kp_annex_b,1944,1268.30950493976
kp_annex_b,1945,1044.69998695781
kp_annex_b,1946,1127.41587339035
kp_annex_b,1947,1263.08615140514
kp_annex_b,1948,1339.01293294204
kp_annex_b,1949,1274.16342487163
kp_annex_b,1950,1421.03878901713
kp_annex_b,1951,1518.45350121666
kp_annex_b,1952,1524.02054083718
kp_annex_b,1953,1566.02412654268
kp_annex_b,1954,1580.79972481036
kp_annex_b,1955,1718.90224299016
kp_annex_b,1956,1822.46277677898
kp_annex_b,1957,1860.22517120175
kp_annex_b,1958,1844.39492024402
kp_annex_b,1959,1893.3914551984
kp_annex_b,1960,1993.15787140012
kp_annex_b,1961,2042.9880145049
kp_annex_b,1962,2140.3286443996
kp_annex_b,1963,2260.5468719772
kp_annex_b,1964,2377.56349068599
kp_annex_b,1965,2466.17758613191
kp_annex_b,1966,2570.32237848291
kp_annex_b,1967,2663.78190452637
kp_annex_b,1968,2793.70329762616
kp_annex_b,1969,2955.51039687326
kp_annex_b,1970,3154.70408117094
kp_annex_b,1971,3233.33446095135
kp_annex_b,1972,3375.43542550984
kp_annex_b,1973,3531.54060456111
kp_annex_b,1974,3492.34178167993
kp_annex_b,1975,3453.03956138009
kp_annex_b,1976,3637.37186173082
kp_annex_b,1977,3703.64749287437
kp_annex_b,1978,3773.10628568214
kp_annex_b,1979,3859.24678921041
kp_annex_b,1980,3806.94085577637
kp_annex_b,1981,3688.81312464065
kp_annex_b,1982,3597.72823618587
kp_annex_b,1983,3583.43827006535
kp_annex_b,1984,3682.16422436599
kp_annex_b,1985,3759.62514236968
kp_annex_b,1986,3756.68822137393
kp_annex_b,1987,3818.40271070051
kp_annex_b,1988,3919.64159038945
kp_annex_b,1989,3950.01712720683
kp_annex_b,1990,4047.40153309493
kp_annex_b,1991,3961.75762853794
kp_annex_b,1992,3829.95032994846
kp_annex_b,1993,3784.32066686124
kp_annex_b,1994,3738.52931774502
kp_annex_b,1995,3760.48954490447
kp_annex_b,1996,3832.10732613156
kp_annex_b,1997,3800.82621475242
kp_annex_b,1998,3799.28288833859
kp_annex_b,1999,3818.3114467454
kp_annex_b,2000,3885.88993220316
kp_annex_b,2001,3888.08112045444
kp_annex_b,2002,3899.4879985542
kp_annex_b,2003,3964.17959719811
kp_annex_b,2004,4000.52289375833
kp_annex_b,2005,4007.5481422562
kp_annex_b,2006,4003.36675651093
kp_annex_b,2007,4031.82993989746
kp_annex_b,2008,3928.7803969704
kp_annex_b,2009,3645.42281834491
kp_annex_b,2010,3778.68026273491
kp_annex_b,2011,3735.9371631783
kp_annex_b,2012,3681.7841911901
kp_annex_b,2013,3677.9172119299
kp_annex_b,2014,3614.64497259239
kp_annex_b,2015,3565.63438327746
kp_annex_b,2016,3521.43219976076
kp_annex_b,2017,3517.57118963957
kp_annex_b,2018,3546.37843889705
kp_annex_b,2019,3457.44782207021
kp_annex_b,2020,3159.01154695062
kp_annex_b,2021,3329.59859433034
kp_annex_b,2022,3282.9488315957
middle_east,1850,0
middle_east,1851,0
middle_east,1852,0
middle_east,1853,0
middle_east,1854,0
middle_east,1855,0
middle_east,1856,0
middle_east,1857,0
middle_east,1858,0
middle_east,1859,0
middle_east,1860,0
middle_east,1861,0
middle_east,1862,0
middle_east,1863,0
middle_east,1864,0
middle_east,1865,0.041
middle_east,1866,0.057
middle_east,1867,0.062
middle_east,1868,0.048
middle_east,1869,0.073
middle_east,1870,0.043
middle_east,1871,0.054
middle_east,1872,0.067
middle_east,1873,0.065
middle_east,1874,0.07
middle_east,1875,0.096
middle_east,1876,0.075
middle_east,1877,0.122
middle_east,1878,0.089
middle_east,1879,0.034
middle_east,1880,0.038
middle_east,1881,0.05
middle_east,1882,0.042
middle_east,1883,0.044
middle_east,1884,0.048
middle_east,1885,0.053
middle_east,1886,0.037
middle_east,1887,0.067
middle_east,1888,0.073
middle_east,1889,0.11
middle_east,1890,0.1
middle_east,1891,0.11
middle_east,1892,0.112
middle_east,1893,0.116
middle_east,1894,0.107
middle_east,1895,0.102
middle_east,1896,0.121
middle_east,1897,0.086
middle_east,1898,0.143
middle_east,1899,0.183
middle_east,1900,0.283
middle_east,1901,0.259
middle_east,1902,0.286
middle_east,1903,0.329
middle_east,1904,0.373
middle_east,1905,0.418
middle_east,1906,0.432
middle_east,1907,0.513
middle_east,1908,0.47
middle_east,1909,0.534
middle_east,1910,0.514
middle_east,1911,0.645
middle_east,1912,0.614
middle_east,1913,0.789
middle_east,1914,0.774
middle_east,1915,0.666
middle_east,1916,0.688
middle_east,1917,0.871
middle_east,1918,1.066
middle_east,1919,1.435
middle_east,1920,1.867
middle_east,1921,2.21
middle_east,1922,2.794
middle_east,1923,3.562
middle_east,1924,4.355
middle_east,1925,4.522
middle_east,1926,4.931
middle_east,1927,5.491
middle_east,1928,5.75693511811024
middle_east,1929,5.71592700787402
middle_east,1930,6.24884590551181
middle_east,1931,6.07978112914557
middle_east,1932,6.6967162530347
middle_east,1933,7.42565937007874
middle_east,1934,8.82963503937008
middle_east,1935,9.73950527559055
middle_east,1936,10.7344809448819
middle_east,1937,12.4623106299213
middle_east,1938,12.604326619406
middle_east,1939,14.225302519685
middle_east,1940,12.4233753161217
middle_east,1941,9.82841585725456
middle_east,1942,12.9555644811445
middle_east,1943,14.3124241732283
middle_east,1944,18.4782619649371
middle_east,1945,23.5142944094488
middle_east,1946,30.7870916565033
middle_east,1947,36.5919539701697
middle_east,1948,29.6710835433071
middle_east,1949,11.4107690602342
middle_east,1950,8.68500061366552
middle_east,1951,7.14151681763464
middle_east,1952,6.43234551181102
middle_east,1953,7.43506186531441
middle_east,1954,8.93458169896409
middle_east,1955,13.7169743255814
middle_east,1956,16.1724882677165
middle_east,1957,16.8587097436413
middle_east,1958,18.3312389096368
middle_east,1959,19.3143386477572
middle_east,1960,24.638551109848
middle_east,1961,25.7870655491281
middle_east,1962,29.8294988008099
middle_east,1963,33.7317606914744
middle_east,1964,39.5112252085542
middle_east,1965,47.1602273284694
middle_east,1966,54.2988398790237
middle_east,1967,56.0968489379078
middle_east,1968,64.5968204271349
middle_east,1969,73.270413086963
middle_east,1970,77.8821231053971
middle_east,1971,91.275119439042
middle_east,1972,98.4818931635803
middle_east,1973,116.950759424331
middle_east,1974,121.103871675724
middle_east,1975,118.573833776329
middle_east,1976,138.651462223382
middle_east,1977,145.824553714354
middle_east,1978,146.361375475399
middle_east,1979,155.386852032203
middle_east,1980,151.299036660821
middle_east,1981,150.686030063798
middle_east,1982,153.961713500498
middle_east,1983,162.244149158417
middle_east,1984,169.882709957815
middle_east,1985,183.079648402906
middle_east,1986,194.778078287118
middle_east,1987,199.118861788763
middle_east,1988,212.112903832046
middle_east,1989,224.286895937718
middle_east,1990,230.46082631982
middle_east,1991,254.37398954462
middle_east,1992,278.324181975452
middle_east,1993,302.158106136504
middle_east,1994,318.153138548773
middle_east,1995,307.63023374925
middle_east,1996,312.821868180111
middle_east,1997,308.598719456768
middle_east,1998,319.397756868313
middle_east,1999,343.593586903971
middle_east,2000,379.835155663065
middle_east,2001,384.076465941042
middle_east,2002,389.087597352066
middle_east,2003,414.351461498144
middle_east,2004,446.463130389164
middle_east,2005,464.050916087882
middle_east,2006,494.071171902928
middle_east,2007,492.218788685894
middle_east,2008,530.637514375158
middle_east,2009,552.180833491656
middle_east,2010,582.699923249472
middle_east,2011,595.071913984366
middle_east,2012,634.926185985011
middle_east,2013,622.241623293947
middle_east,2014,652.449378725689
middle_east,2015,684.398825063064
middle_east,2016,701.141551450953
middle_east,2017,722.157723868388
middle_east,2018,728.779916005689
middle_east,2019,729.583305375935
middle_east,2020,688.314302020157
middle_east,2021,720.73265644879
middle_east,2022,730.780928790349
non_kp_annex_b,1850,0.00478320244909679
non_kp_annex_b,1851,0
non_kp_annex_b,1852,0
non_kp_annex_b,1853,0
non_kp_annex_b,1854,0
non_kp_annex_b,1855,0.0145039042004871
non_kp_annex_b,1856,0
non_kp_annex_b,1857,0
non_kp_annex_b,1858,0.128033105677515
non_kp_annex_b,1859,0.195314642159017
non_kp_annex_b,1860,0.206515279545813
non_kp_annex_b,1861,0.175082432926076
non_kp_annex_b,1862,0.185705378461276
non_kp_annex_b,1863,0.203666260265806
non_kp_annex_b,1864,0.199141960685471
non_kp_annex_b,1865,0.235584885437743
non_kp_annex_b,1866,0.357598916935339
non_kp_annex_b,1867,0.206576689918384
non_kp_annex_b,1868,0.168285125563615
non_kp_annex_b,1869,0.236172301252035
non_kp_annex_b,1870,0.220077127744765
non_kp_annex_b,1871,0.293062498856934
non_kp_annex_b,1872,0.312428563998184
non_kp_annex_b,1873,0.295351041295224
non_kp_annex_b,1874,0.349604282124894
non_kp_annex_b,1875,0.417821345693182
non_kp_annex_b,1876,0.474554351628443
non_kp_annex_b,1877,0.529763225100055
non_kp_annex_b,1878,1.10414141918681
non_kp_annex_b,1879,1.0405227306408
non_kp_annex_b,1880,1.19441384956549
non_kp_annex_b,1881,1.2276419228084
non_kp_annex_b,1882,1.35308392121837
non_kp_annex_b,1883,1.52018417184254
non_kp_annex_b,1884,1.62248573854723
non_kp_annex_b,1885,1.63664551112143
non_kp_annex_b,1886,1.72729057762053
non_kp_annex_b,1887,2.18695976401565
non_kp_annex_b,1888,2.2846018294614
non_kp_annex_b,1889,2.820790995508
non_kp_annex_b,1890,3.03064457909099
non_kp_annex_b,1891,3.30077466920806
non_kp_annex_b,1892,3.81946728239714
non_kp_annex_b,1893,4.72886031987015
non_kp_annex_b,1894,5.03249762249162
non_kp_annex_b,1895,6.18566159514116
non_kp_annex_b,1896,6.7732787423853
non_kp_annex_b,1897,7.46537054025443
non_kp_annex_b,1898,8.66406645154887
non_kp_annex_b,1899,9.36489501774689
non_kp_annex_b,1900,9.42107353190219
non_kp_annex_b,1901,11.5369983923633
non_kp_annex_b,1902,12.4213638203413
non_kp_annex_b,1903,13.5946222950808
non_kp_annex_b,1904,15.2595437946804
non_kp_annex_b,1905,15.7584067837932
non_kp_annex_b,1906,18.3977822156006
non_kp_annex_b,1907,25.7681049171597
non_kp_annex_b,1908,28.6329012911273
non_kp_annex_b,1909,29.5255656332044
non_kp_annex_b,1910,31.3619487381196
non_kp_annex_b,1911,33.5580221434005
non_kp_annex_b,1912,33.474889764008
non_kp_annex_b,1913,39.1285436787936
non_kp_annex_b,1914,37.1901534488588
non_kp_annex_b,1915,37.4019522728788
non_kp_annex_b,1916,40.9147686173772
non_kp_annex_b,1917,43.9926561709005
non_kp_annex_b,1918,44.7566563822733
non_kp_annex_b,1919,51.2678679983766
non_kp_annex_b,1920,61.3879137255044
non_kp_annex_b,1921,66.3073803949977
non_kp_annex_b,1922,66.4309847523702
non_kp_annex_b,1923,68.7228482070138
non_kp_annex_b,1924,72.4127392897824
non_kp_annex_b,1925,70.5172727116646
non_kp_annex_b,1926,69.1563535513228
non_kp_annex_b,1927,69.6721127999912
non_kp_annex_b,1928,71.4179693903984
non_kp_annex_b,1929,74.4833187882686
non_kp_annex_b,1930,74.725042017115
non_kp_annex_b,1931,71.245504010724
non_kp_annex_b,1932,71.3868268899399
non_kp_annex_b,1933,76.5084378776376
non_kp_annex_b,1934,87.5010824286947
non_kp_annex_b,1935,96.9135488034855
non_kp_annex_b,1936,102.722882755397
non_kp_annex_b,1937,111.514697778798
non_kp_annex_b,1938,112.184385275356
non_kp_annex_b,1939,120.803732243706
non_kp_annex_b,1940,131.553188982313
non_kp_annex_b,1941,131.347646544899
non_kp_annex_b,1942,122.22780753746
non_kp_annex_b,1943,120.254275330752
non_kp_annex_b,1944,128.499630293377
non_kp_annex_b,1945,117.182200530923
non_kp_annex_b,1946,140.630961856766
non_kp_annex_b,1947,141.330284146509
non_kp_annex_b,1948,141.59642660678
non_kp_annex_b,1949,139.86652394452
non_kp_annex_b,1950,162.189317258567
non_kp_annex_b,1951,181.39055235909
non_kp_annex_b,1952,198.490661409761
non_kp_annex_b,1953,204.925283163071
non_kp_annex_b,1954,227.826026259271
non_kp_annex_b,1955,261.657148932892
non_kp_annex_b,1956,285.822489134729
non_kp_annex_b,1957,312.790680821053
non_kp_annex_b,1958,396.121815712511
non_kp_annex_b,1959,465.040000321454
non_kp_annex_b,1960,503.654791897595
non_kp_annex_b,1961,454.600323908674
non_kp_annex_b,1962,445.275473080392
non_kp_annex_b,1963,463.349977038801
non_kp_annex_b,1964,491.061612509342
non_kp_annex_b,1965,532.293340152242
non_kp_annex_b,1966,571.568792456254
non_kp_annex_b,1967,573.679194892412
non_kp_annex_b,1968,620.178987014173
non_kp_annex_b,1969,687.075469452557
non_kp_annex_b,1970,792.156985715099
non_kp_annex_b,1971,871.87136920538
non_kp_annex_b,1972,918.10139262293
non_kp_annex_b,1973,987.332201643985
non_kp_annex_b,1974,1016.52327929195
non_kp_annex_b,1975,1078.21375175097
non_kp_annex_b,1976,1151.52310799769
non_kp_annex_b,1977,1221.4987638744
non_kp_annex_b,1978,1305.5820400999
non_kp_annex_b,1979,1366.11360249861
non_kp_annex_b,1980,1388.5232465593
non_kp_annex_b,1981,1388.96909245907
non_kp_annex_b,1982,1449.33887656898
non_kp_annex_b,1983,1500.58245670642
non_kp_annex_b,1984,1580.49447948683
non_kp_annex_b,1985,1681.99814355273
non_kp_annex_b,1986,1760.30076519547
non_kp_annex_b,1987,1836.27805127073
non_kp_annex_b,1988,1957.09892632824
non_kp_annex_b,1989,2003.66668961756
non_kp_annex_b,1990,2012.60070314451
non_kp_annex_b,1991,2229.77781215674
non_kp_annex_b,1992,2177.8686468119
non_kp_annex_b,1993,2285.61677047045
non_kp_annex_b,1994,2388.51727493194
non_kp_annex_b,1995,2491.19174558949
non_kp_annex_b,1996,2603.62349509108
non_kp_annex_b,1997,2665.25080836253
non_kp_annex_b,1998,2637.33754936297
non_kp_annex_b,1999,2748.10689936469
non_kp_annex_b,2000,2859.93476443753
non_kp_annex_b,2001,2906.64132420377
non_kp_annex_b,2002,3046.44225499292
non_kp_annex_b,2003,3355.07097997188
non_kp_annex_b,2004,3564.10370041802
non_kp_annex_b,2005,3812.47877866314
non_kp_annex_b,2006,4079.03717926344
non_kp_annex_b,2007,4278.94312619199
non_kp_annex_b,2008,4527.22367551673
non_kp_annex_b,2009,4672.8845579404
non_kp_annex_b,2010,5016.7833748107
non_kp_annex_b,2011,5360.18381489412
non_kp_annex_b,2012,5553.69534428294
non_kp_annex_b,2013,5634.25083848471
non_kp_annex_b,2014,5759.2035389281
non_kp_annex_b,2015,5796.57278101766
non_kp_annex_b,2016,5836.19517760633
non_kp_annex_b,2017,5980.05669883683
non_kp_annex_b,2018,6143.99379799521
non_kp_annex_b,2019,6306.72053446627
non_kp_annex_b,2020,6161.12004560179
non_kp_annex_b,2021,6470.76422525456
non_kp_annex_b,2022,6569.79222670044
non_oecd,1850,0.0302764680342238
non_oecd,1851,0
non_oecd,1852,0
non_oecd,1853,0
non_oecd,1854,0
non_oecd,1855,0.0918060643618399
non_oecd,1856,0
non_oecd,1857,0
non_oecd,1858,0.237585075265798
non_oecd,1859,0.311445518995075
non_oecd,1860,0.359652509650603
non_oecd,1861,0.370337833329458
non_oecd,1862,0.363046420527306
non_oecd,1863,0.389230936391555
non_oecd,1864,0.40791044877246
non_oecd,1865,0.394307376059041
non_oecd,1866,0.924016198226162
non_oecd,1867,0.860276309272081
non_oecd,1868,0.717742051051396
non_oecd,1869,0.971154258668606
non_oecd,1870,1.056315247857
non_oecd,1871,1.42357507917875
non_oecd,1872,1.46119095374693
non_oecd,1873,1.3731007245065
non_oecd,1874,1.66412880669189
non_oecd,1875,1.91458144856508
non_oecd,1876,2.37389107487128
non_oecd,1877,2.42239575523551
non_oecd,1878,3.64407941358324
non_oecd,1879,3.70371688773288
non_oecd,1880,4.31824333103167
non_oecd,1881,4.50923353909283
non_oecd,1882,4.86648366978674
non_oecd,1883,5.56531123971638
non_oecd,1884,5.74346769846299
non_oecd,1885,6.1071623859611
non_oecd,1886,6.3341314959701
non_oecd,1887,7.03913460887023
non_oecd,1888,7.36636752580894
non_oecd,1889,8.26958058034592
non_oecd,1890,9.25162010282524
non_oecd,1891,10.0725478921634
non_oecd,1892,10.9500102536666
non_oecd,1893,13.1206321783325
non_oecd,1894,13.5724248322972
non_oecd,1895,15.8729166331135
non_oecd,1896,16.609706800492
non_oecd,1897,18.8721323632984
non_oecd,1898,21.4959605116641
non_oecd,1899,24.2143717176338
non_oecd,1900,25.9505246196096
non_oecd,1901,28.3746316209079
non_oecd,1902,28.4893833782582
non_oecd,1903,29.2356943906283
non_oecd,1904,32.8230341326332
non_oecd,1905,31.4419683461709
non_oecd,1906,36.4517576701709
non_oecd,1907,46.2458676458389
non_oecd,1908,48.7904845128339
non_oecd,1909,50.9623822319458
non_oecd,1910,52.137532273645
non_oecd,1911,54.1333186446616
non_oecd,1912,56.9984414587272
non_oecd,1913,64.3725560135266
non_oecd,1914,60.0080541034294
non_oecd,1915,56.8522535678802
non_oecd,1916,60.5152909929236
non_oecd,1917,59.0890193394362
non_oecd,1918,45.3846347079161
non_oecd,1919,48.0109261384203
non_oecd,1920,48.3756438465052
non_oecd,1921,50.2528033616083
non_oecd,1922,53.9010921521499
non_oecd,1923,61.0536745800024
non_oecd,1924,67.7845336156913
non_oecd,1925,69.237767255649
non_oecd,1926,77.1759825770743
non_oecd,1927,85.8587051077869
non_oecd,1928,92.9153743656047
non_oecd,1929,98.8780179737946
non_oecd,1930,109.5028143953
non_oecd,1931,114.972894527204
non_oecd,1932,121.062375816773
non_oecd,1933,130.979114828086
non_oecd,1934,153.205448020599
non_oecd,1935,170.249484338921
non_oecd,1936,187.048673109153
non_oecd,1937,196.119038176895
non_oecd,1938,201.091670771155
non_oecd,1939,210.964884077243
non_oecd,1940,239.294232990105
non_oecd,1941,225.103684447852
non_oecd,1942,173.856152457421
non_oecd,1943,173.463938173443
non_oecd,1944,203.311506987873
non_oecd,1945,197.844904543862
non_oecd,1946,230.510260800961
non_oecd,1947,249.161316382946
non_oecd,1948,258.052726393379
non_oecd,1949,273.428351108935
non_oecd,1950,308.429768202349
non_oecd,1951,339.02956922616
non_oecd,1952,368.070430052733
non_oecd,1953,385.226724071317
non_oecd,1954,426.119204129113
non_oecd,1955,486.922793698721
non_oecd,1956,533.664332702506
non_oecd,1957,583.836807713539
non_oecd,1958,685.444317124194
non_oecd,1959,768.932168766226
non_oecd,1960,819.981670796338
non_oecd,1961,781.08821067669
non_oecd,1962,789.520337293162
non_oecd,1963,833.52162402558
non_oecd,1964,884.678026409387
non_oecd,1965,950.672020215268
non_oecd,1966,1011.3994942727
non_oecd,1967,1033.38103798949
non_oecd,1968,1093.61117863827
non_oecd,1969,1180.57244938556
non_oecd,1970,1304.97001030373
non_oecd,1971,1413.07926656927
non_oecd,1972,1486.37638151511
non_oecd,1973,1576.60634223573
non_oecd,1974,1627.89631359051
non_oecd,1975,1721.28931913056
non_oecd,1976,1813.06187114234
non_oecd,1977,1900.7319752183
non_oecd,1978,2006.4368215964
non_oecd,1979,2063.14176267546
non_oecd,1980,2106.61692688081
non_oecd,1981,2087.12283867367
non_oecd,1982,2156.04645232071
non_oecd,1983,2224.01966760953
non_oecd,1984,2302.73136698153
non_oecd,1985,2460.94771851914
non_oecd,1986,2532.70930217276
non_oecd,1987,2601.03586543592
non_oecd,1988,2732.8626101869
non_oecd,1989,2745.06586220375
non_oecd,1990,2773.05182835688
non_oecd,1991,2908.07723314214
non_oecd,1992,2703.58126646833
non_oecd,1993,2745.67651024143
non_oecd,1994,2750.48904294078
non_oecd,1995,2831.54131445615
non_oecd,1996,2905.51538857731
non_oecd,1997,2913.28015318079
non_oecd,1998,2885.92718880096
non_oecd,1999,2979.71787751229
non_oecd,2000,3068.09588534127
non_oecd,2001,3129.25375279189
non_oecd,2002,3256.1712742988
non_oecd,2003,3564.32621181765
non_oecd,2004,3771.1508843247
non_oecd,2005,4011.42297477444
non_oecd,2006,4289.65104464611
non_oecd,2007,4478.73899757797
non_oecd,2008,4727.00085877969
non_oecd,2009,4824.27577286864
non_oecd,2010,5179.95337573157
non_oecd,2011,5520.45755792539
non_oecd,2012,5702.69300943379
non_oecd,2013,5764.37846458446
non_oecd,2014,5880.4854790497
non_oecd,2015,5901.25922383493
non_oecd,2016,5934.56431429088
non_oecd,2017,6078.75888219898
non_oecd,2018,6253.20356694192
non_oecd,2019,6420.71451844492
non_oecd,2020,6270.05521943642
non_oecd,2021,6579.60451762308
non_oecd,2022,6640.99365097185
north_america,1850,5.418
north_america,1851,6.742
north_america,1852,7.335
north_america,1853,8.26
north_america,1854,9.084
north_america,1855,10.456
north_america,1856,10.976
north_america,1857,11.264
north_america,1858,11.439
north_america,1859,12.455
north_america,1860,13.051
north_america,1861,12.592
north_america,1862,13.103
north_america,1863,15.151
north_america,1864,16.239
north_america,1865,16.332
north_america,1866,16.505
north_america,1867,20.322
north_america,1868,22.734
north_america,1869,25.759
north_america,1870,27.25
north_america,1871,28.603
north_america,1872,34.976
north_america,1873,38.514
north_america,1874,37.096
north_america,1875,37.561
north_america,1876,36.757
north_america,1877,40.72
north_america,1878,39.803
north_america,1879,48.486
north_america,1880,55.6540470316271
north_america,1881,58.8930567208398
north_america,1882,66.0510737370917
north_america,1883,71.3190950641275
north_america,1884,75.3790907533437
north_america,1885,76.5300941565941
north_america,1886,80.8571020975116
north_america,1887,86.6621518472241
north_america,1888,105.673147548942
north_america,1889,94.6601588183514
north_america,1890,113.035181506687
north_america,1891,120.602186561467
north_america,1892,126.888198718535
north_america,1893,128.133181562659
north_america,1894,120.024189725424
north_america,1895,134.818198100959
north_america,1896,135.401215844871
north_america,1897,140.768249332628
north_america,1898,153.320274783156
north_america,1899,176.16235213307
north_america,1900,186.781380628266
north_america,1901,203.789454754499
north_america,1902,216.039588976942
north_america,1903,252.162695536952
north_america,1904,250.238227786085
north_america,1905,279.36047440117
north_america,1906,293.334781467476
north_america,1907,342.007798460159
north_america,1908,301.307764036839
north_america,1909,331.546235456635
north_america,1910,362.270509382887
north_america,1911,362.264534583418
north_america,1912,387.409647269041
north_america,1913,418.549901674932
north_america,1914,381.14176803845
north_america,1915,393.866749020334
north_america,1916,440.125963325701
north_america,1917,486.447933702125
north_america,1918,509.792302253964
north_america,1919,435.680560493971
north_america,1920,518.248048573129
north_america,1921,435.163846382987
north_america,1922,434.093432060909
north_america,1923,562.706066840943
north_america,1924,503.159358517729
north_america,1925,515.971087198808
north_america,1926,555.537720553656
north_america,1927,542.203782060163
north_america,1928,531.884327701071
north_america,1929,568.964042330093
north_america,1930,507.544543622234
north_america,1931,430.556824977935
north_america,1932,366.871061986274
north_america,1933,391.675821402037
north_america,1934,418.952926089581
north_america,1935,434.645956336049
north_america,1936,497.144013217628
north_america,1937,521.559960668106
north_america,1938,443.656803046411
north_america,1939,488.151785530001
north_america,1940,547.711883834573
north_america,1941,596.69291061358
north_america,1942,640.916901690813
north_america,1943,662.985530409804
north_america,1944,711.090226794186
north_america,1945,685.777084885567
north_america,1946,660.900372085061
north_america,1947,725.642526067162
north_america,1948,756.434084053736
north_america,1949,638.330583731964
north_america,1950,744.061193350955
north_america,1951,768.66811036559
north_america,1952,749.994428854102
north_america,1953,767.040403069178
north_america,1954,733.852479861216
north_america,1955,801.826570458824
north_america,1956,843.915717619131
north_america,1957,837.353403494937
north_america,1958,814.284502995264
north_america,1959,839.235510926673
north_america,1960,860.628784483727
north_america,1961,858.748375851059
north_america,1962,891.084416198134
north_america,1963,929.054814540955
north_america,1964,976.106550066588
north_america,1965,1017.19879026016
north_america,1966,1067.62352819669
north_america,1967,1112.87459394247
north_america,1968,1156.83698215846
north_america,1969,1213.12238396017
north_america,1970,1308.74224806454
north_america,1971,1322.1768793993
north_america,1972,1388.2918132202
north_america,1973,1449.51742649348
north_america,1974,1409.94675379647
north_america,1975,1375.47472183602
north_america,1976,1454.90903993877
north_america,1977,1498.5285006228
north_america,1978,1522.78727636742
north_america,1979,1553.27115646931
north_america,1980,1506.48142971948
north_america,1981,1473.88790252264
north_america,1982,1409.9931340224
north_america,1983,1396.21264581492
north_america,1984,1464.15419725141
north_america,1985,1463.50012580948
north_america,1986,1463.40707339638
north_america,1987,1518.28645317767
north_america,1988,1586.37825888757
north_america,1989,1615.48771757615
north_america,1990,1609.5029944064
north_america,1991,1594.96778657363
north_america,1992,1629.83393757459
north_america,1993,1658.32189273653
north_america,1994,1690.97186687806
north_america,1995,1705.46726169023
north_america,1996,1764.08586512627
north_america,1997,1794.23179674035
north_america,1998,1813.73270270367
north_america,1999,1838.24236522547
north_america,2000,1902.20517130465
north_america,2001,1876.44402632986
north_america,2002,1889.14486937672
north_america,2003,1918.24889858295
north_america,2004,1946.46333570186
north_america,2005,1957.23164850284
north_america,2006,1936.8842087388
north_america,2007,1964.61398557139
north_america,2008,1901.14021846866
north_america,2009,1770.18045708633
north_america,2010,1826.72492152014
north_america,2011,1800.10012136085
north_america,2012,1750.02245256389
north_america,2013,1786.52029539883
north_america,2014,1795.77957143158
north_america,2015,1754.16618596497
north_america,2016,1716.97713132941
north_america,2017,1704.43366826073
north_america,2018,1753.7534862821
north_america,2019,1722.07322723575
north_america,2020,1550.31710007582
north_america,2021,1648.14536932349
north_america,2022,1669.72488389039
oceania,1850,0.0305820009434216
oceania,1851,0.0290334908417313
oceania,1852,0.0289450290888339
oceania,1853,0.0415723001759676
oceania,1854,0.0500891057352644
oceania,1855,0.0588639963115096
oceania,1856,0.0815737600990279
oceania,1857,0.0903658277146707
oceania,1858,0.0929264948628625
oceania,1859,0.132354671096029
oceania,1860,0.163692461772944
oceania,1861,0.152995460488111
oceania,1862,0.21496592437467
oceania,1863,0.196629434817771
oceania,1864,0.246495668466852
oceania,1865,0.265695304253478
oceania,1866,0.34936122775113
oceania,1867,0.338387676131996
oceania,1868,0.418193060025045
oceania,1869,0.399750072823881
oceania,1870,0.382748668654158
oceania,1871,0.393261446191452
oceania,1872,0.44667302077219
oceania,1873,0.52689666557457
oceania,1874,0.580139046317242
oceania,1875,0.584807765625499
oceania,1876,0.589017857981842
oceania,1877,0.647406479728024
oceania,1878,0.796138569281665
oceania,1879,0.841568527742297
oceania,1880,0.838793272263592
oceania,1881,0.993880114663942
oceania,1882,1.16752978418447
oceania,1883,1.38475518928884
oceania,1884,1.52587995867989
oceania,1885,1.63750929076117
oceania,1886,1.6400406109814
oceania,1887,1.70885657172103
oceania,1888,1.90290621286374
oceania,1889,2.06386681248148
oceania,1890,1.87567761666386
oceania,1891,2.28600578707111
oceania,1892,2.17297617421853
oceania,1893,1.99662835263923
oceania,1894,2.2189449420134
oceania,1895,2.28546850656856
oceania,1896,2.43911609348269
oceania,1897,2.66994673583004
oceania,1898,2.87566694710386
oceania,1899,2.96752707012454
oceania,1900,3.441
oceania,1901,3.87
oceania,1902,3.94
oceania,1903,3.92843012668863
oceania,1904,4.0876523052105
oceania,1905,4.25541937448677
oceania,1906,4.97268493192797
oceania,1907,5.34179708936208
oceania,1908,5.71598905330259
oceania,1909,5.14329280258351
oceania,1910,6.17070190117197
oceania,1911,6.58736507356916
oceania,1912,7.11607300537692
oceania,1913,7.37306215024367
oceania,1914,8.18898028110129
oceania,1915,7.4238984119589
oceania,1916,6.7935659261709
oceania,1917,7.08272852474262
oceania,1918,7.61680856096339
oceania,1919,7.18194931787425
oceania,1920,8.15061462358127
oceania,1921,7.4466251262411
oceania,1922,7.77375899374284
oceania,1923,8.05693005374811
oceania,1924,8.78295444634866
oceania,1925,9.20331736850311
oceania,1926,9.24111520692816
oceania,1927,9.76114394622651
oceania,1928,9.20669103872268
oceania,1929,8.67913847455114
oceania,1930,8.39642823071119
oceania,1931,7.31168041843973
oceania,1932,7.25702261350559
oceania,1933,7.73132359339485
oceania,1934,8.24003586694357
oceania,1935,9.03622703908367
oceania,1936,9.74072693803524
oceania,1937,10.4086291064473
oceania,1938,10.3554644411357
oceania,1939,11.5844613352266
oceania,1940,10.9457241577179
oceania,1941,12.1002151417503
oceania,1942,12.8610383855753
oceania,1943,12.7085720426008
oceania,1944,12.6900659914659
oceania,1945,12.22140551253
oceania,1946,13.1746400028276
oceania,1947,13.7084702853745
oceania,1948,14.3327000559796
oceania,1949,14.6486993332823
oceania,1950,17.6470989686131
oceania,1951,19.0275392700398
oceania,1952,19.7640022011881
oceania,1953,19.6978046174106
oceania,1954,21.2089263720079
oceania,1955,22.4665280206818
oceania,1956,23.6355979840664
oceania,1957,23.775649671912
oceania,1958,24.3252113411096
oceania,1959,25.7248167690257
oceania,1960,27.3251129097135
oceania,1961,27.2874178584643
oceania,1962,28.1376031129765
oceania,1963,29.8289344877539
oceania,1964,32.3281299660036
oceania,1965,35.2547287162204
oceania,1966,36.0093824584738
oceania,1967,37.7115739188285
oceania,1968,39.555222707653
oceania,1969,41.8018292355564
oceania,1970,45.1941002205667
oceania,1971,46.3706362659777
oceania,1972,47.1713799452005
oceania,1973,52.4958194213714
oceania,1974,51.6564701717917
oceania,1975,53.3361527103492
oceania,1976,52.6087297963792
oceania,1977,56.2457170582967
oceania,1978,57.932306207986
oceania,1979,57.9322177934718
oceania,1980,61.5880718822156
oceania,1981,63.8545941553407
oceania,1982,65.344783127707
oceania,1983,62.4115922698193
oceania,1984,65.4298805236356
oceania,1985,68.1650726265891
oceania,1986,68.3134673216896
oceania,1987,71.510450887925
oceania,1988,73.5748936016738
oceania,1989,78.0312695475716
oceania,1990,83.8832969424596
oceania,1991,84.459657165084
oceania,1992,86.3739612727283
oceania,1993,87.5355440863996
oceania,1994,88.9364607356855
oceania,1995,92.105477436404
oceania,1996,94.3937838518163
oceania,1997,97.1333452207064
oceania,1998,100.511138757549
oceania,1999,103.716442624771
oceania,2000,105.663160181111
oceania,2001,108.369681688175
oceania,2002,109.808861069007
oceania,2003,112.313172478377
oceania,2004,115.88986492928
oceania,2005,117.259438849826
oceania,2006,118.940124484682
oceania,2007,120.73415970918
oceania,2008,122.167009986738
oceania,2009,122.305690223001
oceania,2010,122.110610079438
oceania,2011,121.606768454122
oceania,2012,122.690977442525
oceania,2013,120.633389007149
oceania,2014,119.304929985976
oceania,2015,121.650831585637
oceania,2016,123.782926997857
oceania,2017,125.193823615502
oceania,2018,125.777174958218
oceania,2019,126.173384376849
oceania,2020,119.969379104092
oceania,2021,117.126391160519
oceania,2022,118.246315805109
oecd,1850,53.6684043193887
oecd,1851,54.2216426741618
oecd,1852,56.6086833380389
oecd,1853,59.2577616613298
oecd,1854,69.6051224124126
oecd,1855,70.897384494836
oecd,1856,75.6813443540825
oecd,1857,76.4006594644642
oecd,1858,77.3347826506653
oecd,1859,81.970559244635
oecd,1860,89.9685625461121
oecd,1861,94.549370973027
oecd,1862,96.3861089399417
oecd,1863,102.825873536025
oecd,1864,110.871012700902
oecd,1865,117.744101142484
oecd,1866,120.951962867876
oecd,1867,129.64211136686
oecd,1868,133.439451008974
oecd,1869,141.483595814155
oecd,1870,144.505433420797
oecd,1871,153.295686367013
oecd,1872,169.745482067025
oecd,1873,180.526795941068
oecd,1874,168.705010239625
oecd,1875,182.88722631706
oecd,1876,185.066126783111
oecd,1877,188.736010724493
oecd,1878,189.034293911351
oecd,1879,202.625562880623
oecd,1880,228.737545995429
oecd,1881,236.632704674097
oecd,1882,249.871544701128
oecd,1883,265.382725160334
oecd,1884,268.310593652676
oecd,1885,269.994674895997
oecd,1886,274.074578073443
oecd,1887,287.37866841581
oecd,1888,318.603240899669
oecd,1889,317.77410531367
oecd,1890,345.650755693486
oecd,1891,361.584160603021
oecd,1892,363.612347791123
oecd,1893,356.824056902079
oecd,1894,369.34765293668
oecd,1895,390.085701522503
oecd,1896,402.7040514129
oecd,1897,420.328621750325
oecd,1898,441.704479333107
oecd,1899,481.710633575852
oecd,1900,506.857740632795
oecd,1901,522.046896535932
oecd,1902,535.834838298
oecd,1903,585.966311555063
oecd,1904,589.378771297114
oecd,1905,631.035754865685
oecd,1906,655.342247958682
oecd,1907,742.050526926383
oecd,1908,708.971779984646
oecd,1909,737.928114643009
oecd,1910,775.943749344351
oecd,1911,786.342119925827
oecd,1912,826.179401119799
oecd,1913,892.580435058219
oecd,1914,807.992922358228
oecd,1915,798.730186031411
oecd,1916,863.572700184207
oecd,1917,907.184642571756
oecd,1918,908.017149930135
oecd,1919,778.683001260835
oecd,1920,912.712618839361
oecd,1921,793.114197968163
oecd,1922,830.464048476597
oecd,1923,942.285064909075
oecd,1924,938.552858287791
oecd,1925,947.965776109108
oecd,1926,922.013593429663
oecd,1927,1004.78774486149
oecd,1928,992.991607997101
oecd,1929,1066.76277649829
oecd,1930,965.442193404544
oecd,1931,845.699385008284
oecd,1932,745.06107242956
oecd,1933,781.007293823898
oecd,1934,838.672760659509
oecd,1935,870.907271065717
oecd,1936,955.28587305875
oecd,1937,1025.01437384494
oecd,1938,947.079989271274
oecd,1939,1003.89518974904
oecd,1940,1087.49219593403
oecd,1941,1131.55964563052
oecd,1942,1179.74266518263
oecd,1943,1202.54433288027
oecd,1944,1193.49762824526
oecd,1945,964.037282944866
oecd,1946,1037.53657444615
oecd,1947,1155.2551191687
oecd,1948,1222.55663315544
oecd,1949,1140.60159770722
oecd,1950,1274.79833807335
oecd,1951,1360.81448434959
oecd,1952,1354.44077219421
oecd,1953,1385.72268563443
oecd,1954,1382.50654694052
oecd,1955,1493.63659822433
oecd,1956,1574.6209332112
oecd,1957,1589.17904430927
oecd,1958,1555.07241883233
oecd,1959,1589.49928675362
oecd,1960,1676.83099250138
oecd,1961,1716.50012773688
oecd,1962,1796.08378018683
oecd,1963,1890.37522499043
oecd,1964,1983.94707678595
oecd,1965,2047.79890606889
oecd,1966,2130.49167666646
oecd,1967,2204.08006142929
oecd,1968,2320.27110600206
oecd,1969,2462.01341694026
oecd,1970,2641.89105658232
oecd,1971,2692.12656358746
oecd,1972,2807.16043661766
oecd,1973,2942.26646396936
oecd,1974,2880.96874738138
oecd,1975,2809.96399400049
oecd,1976,2975.83309858617
oecd,1977,3024.41428153047
oecd,1978,3072.25150418564
oecd,1979,3162.21862903357
oecd,1980,3088.84717545486
oecd,1981,2990.65937842604
oecd,1982,2891.02066043415
oecd,1983,2860.00105916224
oecd,1984,2959.92733687129
oecd,1985,2980.67556740327
oecd,1986,2984.27968439664
oecd,1987,3053.64489653532
oecd,1988,3143.87790653079
oecd,1989,3208.61795462064
oecd,1990,3286.95040788256
oecd,1991,3283.45820755254
oecd,1992,3304.23771029203
oecd,1993,3324.26092709026
oecd,1994,3376.55754973618
oecd,1995,3420.13997603781
oecd,1996,3530.21543264533
oecd,1997,3552.79686993415
oecd,1998,3550.69324890059
oecd,1999,3586.70046859781
oecd,2000,3677.72881129941
oecd,2001,3665.46869186632
oecd,2002,3689.75897924832
oecd,2003,3754.92436535234
oecd,2004,3793.47570985164
oecd,2005,3808.6039461449
oecd,2006,3792.75289112826
oecd,2007,3832.03406851149
oecd,2008,3729.00321370745
oecd,2009,3494.03160341667
oecd,2010,3615.51026181403
oecd,2011,3575.66342014703
oecd,2012,3532.78652603924
oecd,2013,3547.78958583015
oecd,2014,3493.36303247079
oecd,2015,3460.94794046019
oecd,2016,3423.06306307621
oecd,2017,3418.86900627742
oecd,2018,3437.16866995033
oecd,2019,3343.45383809156
oecd,2020,3050.076373116
oecd,2021,3220.75830196182
oecd,2022,3211.7474073243
south_america,1850,0
south_america,1851,0
south_america,1852,0
south_america,1853,0
south_america,1854,0
south_america,1855,0
south_america,1856,0
south_america,1857,0
south_america,1858,0
south_america,1859,0
south_america,1860,0
south_america,1861,0
south_america,1862,0
south_america,1863,0
south_america,1864,0
south_america,1865,0
south_america,1866,0
south_america,1867,0
south_america,1868,0
south_america,1869,0
south_america,1870,0
south_america,1871,0
south_america,1872,0
south_america,1873,0
south_america,1874,0
south_america,1875,0
south_america,1876,0
south_america,1877,0
south_america,1878,0
south_america,1879,0
south_america,1880,0
south_america,1881,0
south_america,1882,0
south_america,1883,0
south_america,1884,0.001
south_america,1885,0.001
south_america,1886,0.002
south_america,1887,0.298
south_america,1888,0.245
south_america,1889,0.481
south_america,1890,0.377
south_america,1891,0.269
south_america,1892,0.396
south_america,1893,0.437
south_america,1894,0.555
south_america,1895,0.772
south_america,1896,0.786
south_america,1897,0.753
south_america,1898,0.867
south_america,1899,1.014
south_america,1900,0.864
south_america,1901,1.747
south_america,1902,2.014
south_america,1903,2.095
south_america,1904,2.365
south_america,1905,2.514
south_america,1906,3.365
south_america,1907,3.462
south_america,1908,4.063
south_america,1909,3.659
south_america,1910,4.707
south_america,1911,5.23
south_america,1912,5.456
south_america,1913,5.765
south_america,1914,4.693
south_america,1915,4.118
south_america,1916,3.717
south_america,1917,2.966
south_america,1918,3.002
south_america,1919,3.521
south_america,1920,3.996
south_america,1921,3.938
south_america,1922,4.684
south_america,1923,5.393
south_america,1924,6.641
south_america,1925,7.201
south_america,1926,7.473
south_america,1927,8.21
south_america,1928,8.57746464103631
south_america,1929,9.39528647642923
south_america,1930,7.94827842320547
south_america,1931,6.97208992582449
south_america,1932,7.90397
south_america,1933,8.97885631730876
south_america,1934,10.1685175173122
south_america,1935,11.2121754996772
south_america,1936,10.8069082898021
south_america,1937,13.690428944728
south_america,1938,12.629039074603
south_america,1939,12.843990490595
south_america,1940,13.8418935041916
south_america,1941,13.8516829133858
south_america,1942,13.1457962744576
south_america,1943,13.2558697853119
south_america,1944,14.7015209017704
south_america,1945,14.7754233144287
south_america,1946,32.4170337857525
south_america,1947,16.9506200197488
south_america,1948,18.9694569702793
south_america,1949,19.3298672916036
south_america,1950,30.7231855528863
south_america,1951,35.8286500050846
south_america,1952,38.6090257451084
south_america,1953,38.3820847345178
south_america,1954,41.2231040087708
south_america,1955,46.4153248173127
south_america,1956,50.2641150499627
south_america,1957,52.6482806955026
south_america,1958,48.7817943437654
south_america,1959,53.7593401464982
south_america,1960,54.3505859675153
south_america,1961,55.0645211503664
south_america,1962,58.8509718789932
south_america,1963,59.8742363771576
south_america,1964,62.8132053278369
south_america,1965,65.5274766407876
south_america,1966,68.7743966966619
south_america,1967,72.9607231298495
south_america,1968,78.4948100492394
south_america,1969,84.9441252667655
south_america,1970,92.2014568286632
south_america,1971,94.5794672287492
south_america,1972,98.9510643285513
south_america,1973,107.169043790831
south_america,1974,113.681848923995
south_america,1975,112.351979337667
south_america,1976,114.445678146674
south_america,1977,118.670399786169
south_america,1978,126.121760743735
south_america,1979,134.917073875149
south_america,1980,138.742869147627
south_america,1981,133.65695125559
south_america,1982,133.970972475964
south_america,1983,132.597264536867
south_america,1984,134.132937599178
south_america,1985,136.954881747975
south_america,1986,144.584775084652
south_america,1987,152.08840600446
south_america,1988,158.337770340426
south_america,1989,158.151953384413
south_america,1990,163.53719280945
south_america,1991,165.575569752882
south_america,1992,168.847502867767
south_america,1993,178.341807738995
south_america,1994,179.122780633773
south_america,1995,188.158572157266
south_america,1996,196.432900001661
south_america,1997,209.276084892238
south_america,1998,225.477285040913
south_america,1999,221.712349752353
south_america,2000,221.542027607362
south_america,2001,215.962909266094
south_america,2002,223.654208699802
south_america,2003,223.812294240582
south_america,2004,233.76688384252
south_america,2005,240.474290939735
south_america,2006,248.091536852897
south_america,2007,257.58509999463
south_america,2008,269.54148813916
south_america,2009,262.330916148973
south_america,2010,292.612200961904
south_america,2011,297.193558622625
south_america,2012,312.190767019067
south_america,2013,329.800575349135
south_america,2014,335.277221279382
south_america,2015,325.710379701155
south_america,2016,314.227371801884
south_america,2017,309.41950894189
south_america,2018,291.273505794201
south_america,2019,291.243509058287
south_america,2020,262.390916616932
south_america,2021,296.371834171771
south_america,2022,296.23154550269
