region,year,consumption_emissions
africa,1990,159.040383233613
africa,1991,165.761348196263
africa,1992,169.353453271481
africa,1993,175.632746777396
africa,1994,195.502536306343
africa,1995,205.167256483181
africa,1996,205.178567358024
africa,1997,210.707458548262
africa,1998,223.581247797797
africa,1999,214.341944741689
africa,2000,199.95944159869
africa,2001,204.056614834109
africa,2002,201.773807904813
africa,2003,223.384048188843
africa,2004,235.603972630071
africa,2005,240.661037489442
africa,2006,255.604580388779
africa,2007,265.462726147598
africa,2008,279.366506026694
africa,2009,291.402715672178
africa,2010,299.126837078884
africa,2011,316.01793782478
africa,2012,325.290581472713
africa,2013,338.173670823834
africa,2014,361.762518424802
africa,2015,363.859582922097
africa,2016,367.570618995142
africa,2017,358.314709581203
africa,2018,356.983951216381
africa,2019,378.594929094588
africa,2020,359.955938238012
africa,2021,379.12609869459
asia,1990,1627.90840717577
asia,1991,1650.15334748192
asia,1992,1767.66711769103
asia,1993,1820.89857645852
asia,1994,1860.28313769749
asia,1995,1957.01088897986
asia,1996,2031.09416595564
asia,1997,2038.71894234719
asia,1998,1903.21457435809
asia,1999,2069.06090209846
asia,2000,2149.44282633592
asia,2001,2174.1010698385
asia,2002,2287.56427448714
asia,2003,2450.03085228314
asia,2004,2575.95952782721
asia,2005,2727.46524168833
asia,2006,2878.14555077073
asia,2007,3041.16646783692
asia,2008,3209.69560925862
asia,2009,3364.6138488122
asia,2010,3628.19265017356
asia,2011,3958.63694046049
asia,2012,4140.85823968508
asia,2013,4213.1656523053
asia,2014,4272.44196917321
asia,2015,4288.44675138522
asia,2016,4323.25387776277
asia,2017,4464.33785649891
asia,2018,4663.0949428906
asia,2019,4778.15013899996
asia,2020,4688.49081981089
asia,2021,4889.52164703579
bunkers,1990,149.795873421708
bunkers,1991,148.386810402862
bunkers,1992,151.351047070837
bunkers,1993,152.319740626797
bunkers,1994,159.736998775985
bunkers,1995,168.758644745218
bunkers,1996,182.763412839819
bunkers,1997,192.206413521036
bunkers,1998,203.921499886557
bunkers,1999,211.282152924635
bunkers,2000,214.133757215244
bunkers,2001,212.627539813714
bunkers,2002,217.904205702995
bunkers,2003,226.778163150395
bunkers,2004,246.56134514914
bunkers,2005,256.420367605274
bunkers,2006,270.698459148936
bunkers,2007,286.315911797749
bunkers,2008,289.056660364082
bunkers,2009,277.016470829154
bunkers,2010,294.691379299615
bunkers,2011,302.479061970278
bunkers,2012,299.305773219534
bunkers,2013,303.679959392696
bunkers,2014,305.789817785
bunkers,2015,316.617825179359
bunkers,2016,320.327221580295
bunkers,2017,334.645954584541
bunkers,2018,344.274353805644
bunkers,2019,345.030166414951
bunkers,2020,234.382304890121
bunkers,2021,247.820160774294
bunkers,2022,286.392329356314
central_america,1990,25.9892775230223
central_america,1991,26.4756758519803
central_america,1992,27.054598594294
central_america,1993,26.8388155717668
central_america,1994,27.6727169086014
central_america,1995,29.7412568822254
central_america,1996,32.3871591710619
central_america,1997,33.877492602845
central_america,1998,35.8868063226915
central_america,1999,38.3453030453818
central_america,2000,52.9948423692369
central_america,2001,49.3819023519204
central_america,2002,57.9478018190095
central_america,2003,50.5556804039031
central_america,2004,46.248352546217
central_america,2005,41.9995382549371
central_america,2006,45.3421282632391
central_america,2007,45.1377070174789
central_america,2008,45.2763408732521
central_america,2009,50.3577669745637
central_america,2010,58.7939993381204
central_america,2011,51.1844190347175
central_america,2012,50.5328621553908
central_america,2013,50.0331271656346
central_america,2014,44.4898703215219
central_america,2015,48.1101778816158
central_america,2016,47.6831897579506
central_america,2017,50.0361564127007
central_america,2018,51.5644884260673
central_america,2019,52.9896594062673
central_america,2020,48.4145541114011
central_america,2021,49.7667869838878
eu27,1990,1201.4042957948
eu27,1991,1169.82228084581
eu27,1992,1255.99807529405
eu27,1993,1172.45227234705
eu27,1994,1141.81256569073
eu27,1995,1157.89598154507
eu27,1996,1145.82929720446
eu27,1997,1122.379713908
eu27,1998,1136.72783593244
eu27,1999,1136.74282248215
eu27,2000,1150.11212511567
eu27,2001,1151.03898253463
eu27,2002,1145.39703725238
eu27,2003,1189.33120817902
eu27,2004,1206.45679847465
eu27,2005,1231.02021376906
eu27,2006,1256.79658360908
eu27,2007,1258.26584546797
eu27,2008,1248.97995910823
eu27,2009,1129.08316754397
eu27,2010,1173.52335254461
eu27,2011,1135.88521344044
eu27,2012,1061.66335015222
eu27,2013,1028.55049471165
eu27,2014,995.780525965549
eu27,2015,982.260914261136
eu27,2016,986.721523356615
eu27,2017,997.731186421493
eu27,2018,1005.78375705505
eu27,2019,962.533066924531
eu27,2020,875.703844840089
eu27,2021,954.727391430084
europe,1990,2164.95794306307
europe,1991,2126.62181485133
europe,1992,1855.89598428124
europe,1993,1827.00832960411
europe,1994,1778.05210788513
europe,1995,1779.21177289948
europe,1996,1829.09497736322
europe,1997,1778.70781792913
europe,1998,1772.70317893886
europe,1999,1742.42322222057
europe,2000,1752.6097575842
europe,2001,1794.622902719
europe,2002,1790.14438874858
europe,2003,1851.24989411693
europe,2004,1878.00991131809
europe,2005,1911.26968134824
europe,2006,1962.9760148465
europe,2007,1990.96728293129
europe,2008,1981.8052898145
europe,2009,1807.55350209792
europe,2010,1884.9562232831
europe,2011,1853.17520481225
europe,2012,1813.86075933708
europe,2013,1761.49188154701
europe,2014,1693.868764703
europe,2015,1649.82554303877
europe,2016,1665.82269410089
europe,2017,1671.13506668059
europe,2018,1673.36837053755
europe,2019,1628.66608991116
europe,2020,1510.0575149004
europe,2021,1607.43972992437
kp_annex_b,1990,4054.97191167619
kp_annex_b,1991,4004.00963756278
kp_annex_b,1992,3818.58094149151
kp_annex_b,1993,3800.88379702362
kp_annex_b,1994,3810.73101902853
kp_annex_b,1995,3838.54808200978
kp_annex_b,1996,3929.66671790473
kp_annex_b,1997,3912.84298851661
kp_annex_b,1998,3922.61782946666
kp_annex_b,1999,3974.292875047
kp_annex_b,2000,4092.48833337733
kp_annex_b,2001,4101.50898738227
kp_annex_b,2002,4136.38224568255
kp_annex_b,2003,4257.17150819205
kp_annex_b,2004,4324.84319723751
kp_annex_b,2005,4398.41198375427
kp_annex_b,2006,4427.06371729478
kp_annex_b,2007,4446.17411339806
kp_annex_b,2008,4333.96812167449
kp_annex_b,2009,3992.73073198175
kp_annex_b,2010,4144.02445425758
kp_annex_b,2011,4090.85412895971
kp_annex_b,2012,4015.28461221988
kp_annex_b,2013,3969.13954355408
kp_annex_b,2014,3902.16765086091
kp_annex_b,2015,3817.9527637357
kp_annex_b,2016,3781.60737580634
kp_annex_b,2017,3775.78742872913
kp_annex_b,2018,3811.44666277325
kp_annex_b,2019,3726.75262087434
kp_annex_b,2020,3442.82414941434
kp_annex_b,2021,3656.30078206508
middle_east,1990,242.779086639165
middle_east,1991,267.231855280893
middle_east,1992,299.180032269842
middle_east,1993,309.075890102692
middle_east,1994,317.737150347234
middle_east,1995,312.12607258479
middle_east,1996,307.614621548164
middle_east,1997,305.73708558776
middle_east,1998,328.467120674132
middle_east,1999,299.632063939469
middle_east,2000,306.183820335297
middle_east,2001,312.850143056152
middle_east,2002,317.79034242151
middle_east,2003,382.179024453658
middle_east,2004,416.533653668172
middle_east,2005,434.958596077913
middle_east,2006,474.909565185216
middle_east,2007,494.362930600349
middle_east,2008,532.103138449849
middle_east,2009,551.401905664163
middle_east,2010,576.748558488983
middle_east,2011,583.227983993376
middle_east,2012,613.126355414719
middle_east,2013,615.508760640895
middle_east,2014,630.15346858693
middle_east,2015,691.05778585246
middle_east,2016,703.79529857631
middle_east,2017,710.899048418094
middle_east,2018,693.211708514305
middle_east,2019,697.27269755409
middle_east,2020,666.243160350454
middle_east,2021,680.588999564548
non_kp_annex_b,1990,2004.96959967242
non_kp_annex_b,1991,2057.02625946378
non_kp_annex_b,1992,2189.23885404614
non_kp_annex_b,1993,2269.05555078841
non_kp_annex_b,1994,2316.31748412878
non_kp_annex_b,1995,2413.13566481606
non_kp_annex_b,1996,2506.06655964978
non_kp_annex_b,1997,2553.23785555903
non_kp_annex_b,1998,2514.00533749253
non_kp_annex_b,1999,2592.12710861768
non_kp_annex_b,2000,2653.3382737437
non_kp_annex_b,2001,2693.21482190475
non_kp_annex_b,2002,2809.55101004797
non_kp_annex_b,2003,3062.08253878181
non_kp_annex_b,2004,3239.78770820218
non_kp_annex_b,2005,3421.61929382545
non_kp_annex_b,2006,3655.34622284639
non_kp_annex_b,2007,3864.60714046432
non_kp_annex_b,2008,4122.04495736286
non_kp_annex_b,2009,4325.53483925972
non_kp_annex_b,2010,4651.40747107156
non_kp_annex_b,2011,5005.17479485477
non_kp_annex_b,2012,5220.16088249733
non_kp_annex_b,2013,5342.98408625637
non_kp_annex_b,2014,5471.64071338159
non_kp_annex_b,2015,5544.20963716224
non_kp_annex_b,2016,5575.96211746507
non_kp_annex_b,2017,5721.74785427149
non_kp_annex_b,2018,5878.82525626482
non_kp_annex_b,2019,6037.32817058303
non_kp_annex_b,2020,5877.23569413252
non_kp_annex_b,2021,6141.39133780993
non_oecd,1990,2528.0537578607
non_oecd,1991,2552.71396522625
non_oecd,1992,2294.79619190491
non_oecd,1993,2440.5442141401
non_oecd,1994,2468.37224655328
non_oecd,1995,2548.5667009957
non_oecd,1996,2668.16369286796
non_oecd,1997,2669.57141135321
non_oecd,1998,2616.78460483097
non_oecd,1999,2653.87334098351
non_oecd,2000,2680.51104147327
non_oecd,2001,2777.05806909839
non_oecd,2002,2875.60898295696
non_oecd,2003,3125.689342179
non_oecd,2004,3289.3448011811
non_oecd,2005,3462.05767647184
non_oecd,2006,3695.15865977333
non_oecd,2007,3918.93848790634
non_oecd,2008,4179.9187467457
non_oecd,2009,4381.02599753759
non_oecd,2010,4691.92360043428
non_oecd,2011,5039.37542592201
non_oecd,2012,5263.81598559575
non_oecd,2013,5373.26437402757
non_oecd,2014,5473.00736747419
non_oecd,2015,5515.4364950874
non_oecd,2016,5561.92193416571
non_oecd,2017,5708.30033487162
non_oecd,2018,5857.17141433171
non_oecd,2019,6032.67149804585
non_oecd,2020,5889.06877714221
non_oecd,2021,6128.76450253062
north_america,1990,1597.88292687364
north_america,1991,1578.73660327097
north_america,1992,1635.40555990466
north_america,1993,1649.72498850071
north_america,1994,1683.17796511438
north_america,1995,1690.33002990675
north_america,1996,1743.22117585137
north_america,1997,1790.63880317482
north_america,1998,1843.4562651213
north_america,1999,1896.04486845495
north_america,2000,1988.19736845815
north_america,2001,1963.42645999049
north_america,2002,2003.54617886692
north_america,2003,2056.75795859039
north_america,2004,2095.64153303213
north_america,2005,2135.81041919861
north_america,2006,2126.53446625316
north_america,2007,2112.23232904252
north_america,2008,2021.569624823
north_america,2009,1867.55274331008
north_america,2010,1929.52749986114
north_america,2011,1899.59629086923
north_america,2012,1850.83488058522
north_america,2013,1876.74260808956
north_america,2014,1896.05276451028
north_america,2015,1876.17342156657
north_america,2016,1832.12320589323
north_america,2017,1822.526833189
north_america,2018,1869.69543241057
north_america,2019,1835.73609858659
north_america,2020,1675.12127295424
north_america,2021,1796.31632114957
oceania,1990,75.5149260248082
oceania,1991,75.7760063952883
oceania,1992,76.9395955049657
oceania,1993,77.2295381259001
oceania,1994,79.8046356580281
oceania,1995,81.7414980757714
oceania,1996,84.2358765672354
oceania,1997,86.839609263829
oceania,1998,91.757840871846
oceania,1999,92.5345197056786
oceania,2000,90.0824404525474
oceania,2001,93.1199119465695
oceania,2002,99.0186304928276
oceania,2003,103.955978999947
oceania,2004,106.860312894904
oceania,2005,108.017356801343
oceania,2006,110.928727065824
oceania,2007,114.398771846507
oceania,2008,113.910700976166
oceania,2009,122.808223843684
oceania,2010,122.295812266053
oceania,2011,122.878786054964
oceania,2012,124.748935978584
oceania,2013,119.875333630929
oceania,2014,119.743832608896
oceania,2015,120.529562341441
oceania,2016,117.944176215529
oceania,2017,119.234341442195
oceania,2018,115.631855277928
oceania,2019,115.066518932163
oceania,2020,112.42835328798
oceania,2021,109.268456773049
oecd,1990,3531.88775348792
oecd,1991,3508.32193180031
oecd,1992,3713.02360363275
oecd,1993,3629.39513367193
oecd,1994,3658.67625660403
oecd,1995,3703.11704583013
oecd,1996,3767.56958468656
oecd,1997,3796.50943272243
oecd,1998,3819.83856212823
oecd,1999,3912.54664268116
oecd,2000,4065.31556564777
oecd,2001,4017.66574018863
oecd,2002,4070.32427277356
oecd,2003,4193.56470479486
oecd,2004,4275.28610425859
oecd,2005,4357.97360110789
oecd,2006,4387.25128036784
oecd,2007,4391.84276595604
oecd,2008,4276.09433229165
oecd,2009,3937.23957370388
oecd,2010,4103.50832489487
oecd,2011,4056.65349789246
oecd,2012,3971.62950912146
oecd,2013,3938.85925578287
oecd,2014,3900.80099676831
oecd,2015,3846.72590581054
oecd,2016,3795.6475591057
oecd,2017,3789.234948129
oecd,2018,3833.10050470637
oecd,2019,3731.40929341152
oecd,2020,3430.99106640466
oecd,2021,3668.92761734439
south_america,1990,165.863794043963
south_america,1991,170.273444040644
south_america,1992,176.317600112659
south_america,1993,183.524561452761
south_america,1994,184.812285520388
south_america,1995,196.351825262236
south_america,1996,202.904739848644
south_america,1997,220.851683170707
south_america,1998,237.55137707471
south_america,1999,214.031829844246
south_america,2000,206.343661545187
south_america,2001,203.151018241093
south_america,2002,188.125989976388
south_america,2003,201.12694006606
south_america,2004,209.739099573097
south_america,2005,219.535865004046
south_america,2006,227.706768884123
south_america,2007,246.939658601821
south_america,2008,271.70947316781
south_america,2009,262.574864866679
south_america,2010,295.790344839309
south_america,2011,311.311360764673
south_america,2012,316.19288008842
south_america,2013,337.13259560728
south_america,2014,355.295175913861
south_america,2015,324.159575909768
south_america,2016,299.376431969582
south_america,2017,301.051270777924
south_america,2018,266.721169764674
south_america,2019,277.604658972559
south_america,2020,259.348229893483
south_america,2021,285.664079749208
