nation,year,consumption_emissions
albania,1990,1.482803121
albania,1991,1.229789906
albania,1992,0.775639577
albania,1993,0.710271815
albania,1994,0.631362955
albania,1995,0.674585884
albania,1996,0.784151145
albania,1997,0.586663969
albania,1998,0.673518489
albania,1999,1.000985931
albania,2000,1.038334262
albania,2001,1.114200235
albania,2002,1.379537289
albania,2003,1.476161894
albania,2004,1.424318551
albania,2005,1.557588832
albania,2006,1.474632901
albania,2007,1.473235325
albania,2008,1.652507901
albania,2009,1.685721506
albania,2010,1.653331976
albania,2011,1.716651761
albania,2012,1.628662488
albania,2013,1.630920021
albania,2014,1.767080959
albania,2015,1.540504194
albania,2016,1.492004826
albania,2017,1.688319744
albania,2018,1.699823736
argentina,1990,30.54560141
argentina,1991,32.85835288
argentina,1992,34.82080434
argentina,1993,33.57426553
argentina,1994,34.61675038
argentina,1995,35.38243797
argentina,1996,37.2907989
argentina,1997,39.18790487
argentina,1998,40.06498577
argentina,1999,40.65548239
argentina,2000,38.17968285
argentina,2001,35.19049414
argentina,2002,22.43391105
argentina,2003,29.40833372
argentina,2004,34.46936981
argentina,2005,36.64191291
argentina,2006,40.74968969
argentina,2007,42.32678132
argentina,2008,46.44556202
argentina,2009,43.67808448
argentina,2010,47.63876852
argentina,2011,49.82990007
argentina,2012,51.33952312
argentina,2013,52.80440571
argentina,2014,52.51437927
argentina,2015,55.01905693
argentina,2016,53.16680903
argentina,2017,53.16398778
argentina,2018,51.19112899
armenia,1990,3.289117724
armenia,1991,3.159621636
armenia,1992,1.012148884
armenia,1993,0.501149099
armenia,1994,0.488525609
armenia,1995,0.742620412
armenia,1996,0.792283901
armenia,1997,1.076910921
armenia,1998,1.082758669
armenia,1999,1.399070283
armenia,2000,1.095771497
armenia,2001,1.124272169
armenia,2002,1.012448828
armenia,2003,1.156939864
armenia,2004,1.178576827
armenia,2005,1.469649312
armenia,2006,1.455892195
armenia,2007,2.023859509
armenia,2008,1.821160522
armenia,2009,1.590604219
armenia,2010,1.492884631
armenia,2011,1.557493309
armenia,2012,1.723093801
armenia,2013,1.703506804
armenia,2014,1.690692965
armenia,2015,1.564570362
armenia,2016,1.507399478
armenia,2017,1.551230052
armenia,2018,1.737577098
australia,1990,66.88594296
australia,1991,67.11790578
australia,1992,67.8477812
australia,1993,68.17571543
australia,1994,70.45446366
australia,1995,72.01737217
australia,1996,73.7572115
australia,1997,75.87382483
australia,1998,81.03152489
australia,1999,80.81438948
australia,2000,79.15005151
australia,2001,80.79016416
australia,2002,86.51186672
australia,2003,90.36595721
australia,2004,93.99928907
australia,2005,93.14287937
australia,2006,97.59900676
australia,2007,101.1075426
australia,2008,99.36155206
australia,2009,105.9068734
australia,2010,104.5895179
australia,2011,106.6949301
australia,2012,112.4419083
australia,2013,106.2914803
australia,2014,107.0680015
australia,2015,108.0429828
australia,2016,105.149878
australia,2017,106.0682701
australia,2018,103.4177082
austria,1990,24.02196221
austria,1991,24.49703224
austria,1992,25.00214941
austria,1993,23.95406886
austria,1994,23.89228391
austria,1995,24.99783792
austria,1996,27.06352727
austria,1997,25.58428752
austria,1998,26.53695151
austria,1999,26.10300889
austria,2000,26.36874801
austria,2001,27.03232922
austria,2002,27.12702135
austria,2003,27.52086103
austria,2004,28.30510985
austria,2005,28.97826265
austria,2006,29.54610267
austria,2007,28.07311675
austria,2008,27.65129411
austria,2009,25.33577588
austria,2010,26.87931201
austria,2011,27.65499518
austria,2012,26.20330976
austria,2013,25.68682434
austria,2014,24.83569428
austria,2015,25.06155344
austria,2016,25.1981401
austria,2017,25.93407779
austria,2018,25.4216354
azerbaijan,1990,7.847677396
azerbaijan,1991,6.105290512
azerbaijan,1992,3.795583858
azerbaijan,1993,6.65502821
azerbaijan,1994,5.263044139
azerbaijan,1995,6.377904223
azerbaijan,1996,7.795438573
azerbaijan,1997,7.041647512
azerbaijan,1998,8.235887269
azerbaijan,1999,7.295674171
azerbaijan,2000,7.008129824
azerbaijan,2001,7.112510783
azerbaijan,2002,8.065907613
azerbaijan,2003,9.149991529
azerbaijan,2004,9.841599407
azerbaijan,2005,9.430822306
azerbaijan,2006,10.8478977
azerbaijan,2007,8.513392321
azerbaijan,2008,9.582205756
azerbaijan,2009,8.594845969
azerbaijan,2010,8.216371602
azerbaijan,2011,8.87678048
azerbaijan,2012,9.719854679
azerbaijan,2013,10.13938796
azerbaijan,2014,10.79519161
azerbaijan,2015,11.10767368
azerbaijan,2016,10.73637138
azerbaijan,2017,10.63880662
azerbaijan,2018,10.76491789
bahrain,1990,3.145812741
bahrain,1991,3.234707787
bahrain,1992,3.09419801
bahrain,1993,3.804438825
bahrain,1994,3.921685542
bahrain,1995,3.884979885
bahrain,1996,3.982390592
bahrain,1997,3.906923901
bahrain,1998,4.406162035
bahrain,1999,2.66714778
bahrain,2000,3.441616551
bahrain,2001,3.040815801
bahrain,2002,3.314300292
bahrain,2003,3.077736144
bahrain,2004,3.014805136
bahrain,2005,3.511826554
bahrain,2006,3.014554431
bahrain,2007,4.038604291
bahrain,2008,4.558735664
bahrain,2009,5.028113675
bahrain,2010,5.286458405
bahrain,2011,3.923981495
bahrain,2012,3.419449796
bahrain,2013,3.675653738
bahrain,2014,3.994810165
bahrain,2015,4.719435393
bahrain,2016,4.955281113
bahrain,2017,5.095091239
bahrain,2018,4.814632868
bangladesh,1990,4.94757699
bangladesh,1991,5.244774386
bangladesh,1992,5.607286527
bangladesh,1993,5.695799009
bangladesh,1994,6.280480775
bangladesh,1995,7.142663062
bangladesh,1996,7.392934498
bangladesh,1997,7.899172388
bangladesh,1998,7.87753446
bangladesh,1999,8.179668707
bangladesh,2000,8.955000481
bangladesh,2001,11.0383438
bangladesh,2002,10.25157067
bangladesh,2003,12.58932126
bangladesh,2004,13.01029593
bangladesh,2005,13.36049386
bangladesh,2006,14.24186923
bangladesh,2007,15.27007719
bangladesh,2008,15.57610755
bangladesh,2009,16.92447417
bangladesh,2010,19.19502527
bangladesh,2011,20.47311449
bangladesh,2012,21.2997989
bangladesh,2013,23.12020071
bangladesh,2014,24.19971382
bangladesh,2015,25.62413561
bangladesh,2016,26.22107681
bangladesh,2017,27.65574244
bangladesh,2018,29.48594402
belarus,1990,16.35746433
belarus,1991,17.22477907
belarus,1992,12.04339771
belarus,1993,10.15728978
belarus,1994,7.846596158
belarus,1995,9.169132336
belarus,1996,12.80420735
belarus,1997,12.16219675
belarus,1998,19.27967979
belarus,1999,18.19322382
belarus,2000,17.84357064
belarus,2001,16.74389691
belarus,2002,17.46161503
belarus,2003,16.84212169
belarus,2004,17.49616209
belarus,2005,16.46206997
belarus,2006,18.42976008
belarus,2007,19.29025185
belarus,2008,20.97018755
belarus,2009,14.86101334
belarus,2010,16.57023401
belarus,2011,13.83300798
belarus,2012,17.35357254
belarus,2013,18.11934954
belarus,2014,18.34727711
belarus,2015,17.32025277
belarus,2016,16.76495924
belarus,2017,16.76781857
belarus,2018,17.67657265
belgium,1990,42.53953266
belgium,1991,42.94206893
belgium,1992,46.96045829
belgium,1993,44.32411346
belgium,1994,44.14071107
belgium,1995,45.31754836
belgium,1996,44.97982187
belgium,1997,46.3548334
belgium,1998,49.33962104
belgium,1999,50.51482428
belgium,2000,51.55675215
belgium,2001,51.01201635
belgium,2002,54.10452224
belgium,2003,53.56540555
belgium,2004,59.51152376
belgium,2005,58.42850619
belgium,2006,60.99355511
belgium,2007,61.74773642
belgium,2008,57.1240469
belgium,2009,48.48455741
belgium,2010,52.4990088
belgium,2011,55.80770735
belgium,2012,50.29135981
belgium,2013,49.66616176
belgium,2014,48.36327909
belgium,2015,48.029101
belgium,2016,46.52683885
belgium,2017,46.96609201
belgium,2018,48.37251195
benin,1990,0.271412869
benin,1991,0.303542034
benin,1992,0.322412403
benin,1993,0.376487808
benin,1994,0.430943371
benin,1995,0.457911657
benin,1996,0.47373547
benin,1997,0.514253977
benin,1998,0.563457199
benin,1999,0.572825351
benin,2000,0.696290665
benin,2001,0.777535135
benin,2002,0.882494948
benin,2003,1.036439059
benin,2004,0.97109552
benin,2005,1.268556703
benin,2006,1.732754643
benin,2007,1.789263574
benin,2008,2.006632619
benin,2009,1.897802288
benin,2010,1.993328725
benin,2011,2.43292288
benin,2012,2.030179018
benin,2013,2.146105969
benin,2014,2.054514801
benin,2015,2.230591547
benin,2016,2.393982217
benin,2017,2.468944159
benin,2018,2.502659365
botswana,1990,0.737
botswana,1991,0.719
botswana,1992,0.758
botswana,1993,0.872
botswana,1994,0.827
botswana,1995,0.831
botswana,1996,0.752
botswana,1997,0.764
botswana,1998,0.912
botswana,1999,0.862
botswana,2000,2.096893768
botswana,2001,1.905138717
botswana,2002,0.880936109
botswana,2003,3.340980223
botswana,2004,2.47181246
botswana,2005,2.0564398759999998
botswana,2006,2.063252322
botswana,2007,2.667455086
botswana,2008,3.263824599
botswana,2009,1.442561061
botswana,2010,1.849422875
botswana,2011,1.365807011
botswana,2012,1.61577701
botswana,2013,4.392593778
botswana,2014,4.796849972
botswana,2015,4.379672343
botswana,2016,4.633134257
botswana,2017,4.855770741
botswana,2018,4.904011423
brazil,1990,64.010908
brazil,1991,65.72379932
brazil,1992,65.56181304
brazil,1993,67.75463687
brazil,1994,71.54614296
brazil,1995,77.85174933
brazil,1996,85.69970405
brazil,1997,90.70527268
brazil,1998,92.8980842
brazil,1999,88.17436865
brazil,2000,91.92248639
brazil,2001,90.76698765
brazil,2002,86.23445795
brazil,2003,83.03709549
brazil,2004,86.38853002
brazil,2005,91.27309447
brazil,2006,93.83236455
brazil,2007,100.9937112
brazil,2008,113.5443504
brazil,2009,104.1164041
brazil,2010,125.4045385
brazil,2011,132.3266354
brazil,2012,139.1223387
brazil,2013,147.8007777
brazil,2014,155.3509578
brazil,2015,142.0678179
brazil,2016,137.2525627
brazil,2017,139.4678402
brazil,2018,133.4254141
brunei_darussalam,1990,1.217014858
brunei_darussalam,1991,1.106047208
brunei_darussalam,1992,1.191077082
brunei_darussalam,1993,1.270092671
brunei_darussalam,1994,1.331205077
brunei_darussalam,1995,1.299186897
brunei_darussalam,1996,1.508798637
brunei_darussalam,1997,1.031235277
brunei_darussalam,1998,1.422081919
brunei_darussalam,1999,0.846150679
brunei_darussalam,2000,0.850697872
brunei_darussalam,2001,0.828710636
brunei_darussalam,2002,0.839859201
brunei_darussalam,2003,1.223041792
brunei_darussalam,2004,1.154610832
brunei_darussalam,2005,1.142794227
brunei_darussalam,2006,1.234600853
brunei_darussalam,2007,1.853323641
brunei_darussalam,2008,1.895992731
brunei_darussalam,2009,1.752564075
brunei_darussalam,2010,1.774094874
brunei_darussalam,2011,2.100503319
brunei_darussalam,2012,2.267762296
brunei_darussalam,2013,2.30046769
brunei_darussalam,2014,2.471455038
brunei_darussalam,2015,2.22959784
brunei_darussalam,2016,2.298714099
brunei_darussalam,2017,2.728820153
brunei_darussalam,2018,2.711704998
bulgaria,1990,16.70567007
bulgaria,1991,12.13443225
bulgaria,1992,11.44011923
bulgaria,1993,12.2571623
bulgaria,1994,11.28536859
bulgaria,1995,12.6480291
bulgaria,1996,13.16994225
bulgaria,1997,12.623749
bulgaria,1998,12.47824574
bulgaria,1999,11.23672546
bulgaria,2000,12.13311437
bulgaria,2001,12.50127897
bulgaria,2002,11.84975577
bulgaria,2003,12.65115535
bulgaria,2004,12.43814657
bulgaria,2005,12.93390489
bulgaria,2006,13.83670218
bulgaria,2007,14.28121527
bulgaria,2008,14.53334923
bulgaria,2009,12.01511095
bulgaria,2010,11.69426086
bulgaria,2011,12.43817704
bulgaria,2012,11.90320873
bulgaria,2013,10.3436988
bulgaria,2014,10.75689939
bulgaria,2015,11.19636238
bulgaria,2016,10.53155172
bulgaria,2017,10.87302926
bulgaria,2018,10.68392887
burkina_faso,1990,0.22165696
burkina_faso,1991,0.233641065
burkina_faso,1992,0.237659064
burkina_faso,1993,0.238187492
burkina_faso,1994,0.245312578
burkina_faso,1995,0.252003157
burkina_faso,1996,0.266597507
burkina_faso,1997,0.30498912
burkina_faso,1998,0.459109663
burkina_faso,1999,0.544843349
burkina_faso,2000,0.403433483
burkina_faso,2001,0.451255944
burkina_faso,2002,0.458450235
burkina_faso,2003,0.522039061
burkina_faso,2004,0.631978508
burkina_faso,2005,0.442688063
burkina_faso,2006,0.492317052
burkina_faso,2007,0.600817935
burkina_faso,2008,0.670062162
burkina_faso,2009,0.758555776
burkina_faso,2010,0.776440133
burkina_faso,2011,0.742331678
burkina_faso,2012,0.816859357
burkina_faso,2013,1.121043302
burkina_faso,2014,1.14065267
burkina_faso,2015,1.22313596
burkina_faso,2016,1.255444541
burkina_faso,2017,1.400159647
burkina_faso,2018,1.469687164
cambodia,1990,0.510153556
cambodia,1991,0.532262655
cambodia,1992,0.55799652
cambodia,1993,0.547612323
cambodia,1994,0.581186947
cambodia,1995,0.568884036
cambodia,1996,0.640552233
cambodia,1997,0.624785711
cambodia,1998,0.775219043
cambodia,1999,0.737156629
cambodia,2000,0.75868393
cambodia,2001,0.914601067
cambodia,2002,0.707616116
cambodia,2003,1.277654224
cambodia,2004,1.321936308
cambodia,2005,1.645891464
cambodia,2006,1.82718148
cambodia,2007,1.992819256
cambodia,2008,2.181874425
cambodia,2009,2.224055083
cambodia,2010,2.694881878
cambodia,2011,2.957065721
cambodia,2012,2.908813657
cambodia,2013,3.438905497
cambodia,2014,3.674231984
cambodia,2015,4.021264153
cambodia,2016,4.173717645
cambodia,2017,4.501901246
cambodia,2018,5.386361778
canada,1990,133.4983823
canada,1991,132.9707525
canada,1992,136.7319538
canada,1993,133.3092015
canada,1994,134.9139163
canada,1995,137.1692579
canada,1996,139.7645052
canada,1997,148.4823302
canada,1998,149.7485491
canada,1999,149.4398134
canada,2000,154.9557578
canada,2001,149.3644329
canada,2002,155.6009684
canada,2003,149.6726168
canada,2004,154.2629288
canada,2005,157.3881638
canada,2006,154.508051
canada,2007,163.5046086
canada,2008,158.7679588
canada,2009,152.4974881
canada,2010,162.4112852
canada,2011,153.7952979
canada,2012,164.7411685
canada,2013,166.00933559999999
canada,2014,163.757183
canada,2015,158.6358733
canada,2016,154.0629618
canada,2017,157.0383313
canada,2018,160.591248
chile,1990,8.780635177
chile,1991,8.497864531
chile,1992,9.124850702
chile,1993,9.756297812
chile,1994,10.40942187
chile,1995,11.23174383
chile,1996,13.17390812
chile,1997,14.9177522
chile,1998,15.32354428
chile,1999,16.4102772
chile,2000,16.37964725
chile,2001,14.90251599
chile,2002,16.19559426
chile,2003,15.15289865
chile,2004,15.87904185
chile,2005,17.10903119
chile,2006,18.02761359
chile,2007,19.15550012
chile,2008,21.32586746
chile,2009,17.78758117
chile,2010,20.20485661
chile,2011,22.65676503
chile,2012,24.55605676
chile,2013,24.9012658
chile,2014,23.79096215
chile,2015,24.56778832
chile,2016,24.79137784
chile,2017,24.85155401
chile,2018,25.50114664
china_mainland,1990,617.822587
china_mainland,1991,638.7158688
china_mainland,1992,684.5307396
china_mainland,1993,731.4941492
china_mainland,1994,728.8764267
china_mainland,1995,794.5143575
china_mainland,1996,829.5226353
china_mainland,1997,811.4873754
china_mainland,1998,784.8137805
china_mainland,1999,795.3247964
china_mainland,2000,809.6173411
china_mainland,2001,849.1472299
china_mainland,2002,914.1735183
china_mainland,2003,1025.243944
china_mainland,2004,1159.17642
china_mainland,2005,1275.075585
china_mainland,2006,1355.434427
china_mainland,2007,1472.323725
china_mainland,2008,1606.996422
china_mainland,2009,1807.83355
china_mainland,2010,1965.669357
china_mainland,2011,2170.724571
china_mainland,2012,2252.739901
china_mainland,2013,2310.815306
china_mainland,2014,2323.790594
china_mainland,2015,2321.864061
china_mainland,2016,2335.027017
china_mainland,2017,2381.166449
china_mainland,2018,2445.404354
colombia,1990,17.26269691
colombia,1991,16.74416978
colombia,1992,18.53929663
colombia,1993,19.07735089
colombia,1994,20.10053105
colombia,1995,18.34838792
colombia,1996,18.39922848
colombia,1997,19.85665909
colombia,1998,19.87967584
colombia,1999,15.85386047
colombia,2000,16.09175063
colombia,2001,16.11457162
colombia,2002,17.22038068
colombia,2003,16.25037738
colombia,2004,15.80737644
colombia,2005,17.76950284
colombia,2006,19.00953665
colombia,2007,19.25954045
colombia,2008,20.93057598
colombia,2009,21.14677134
colombia,2010,22.96149966
colombia,2011,23.41631377
colombia,2012,25.08970162
colombia,2013,27.74661964
colombia,2014,28.26154123
colombia,2015,26.83031799
colombia,2016,30.02262745
colombia,2017,27.93191116
colombia,2018,28.06746672
costa_rica,1990,1.399789411
costa_rica,1991,1.419657015
costa_rica,1992,1.555316372
costa_rica,1993,1.563361397
costa_rica,1994,1.872313931
costa_rica,1995,1.829071057
costa_rica,1996,1.786209908
costa_rica,1997,1.938479707
costa_rica,1998,2.240931487
costa_rica,1999,2.962881031
costa_rica,2000,2.648054153
costa_rica,2001,2.815967054
costa_rica,2002,4.191877724
costa_rica,2003,3.161504054
costa_rica,2004,3.304009804
costa_rica,2005,3.601017008
costa_rica,2006,3.12838051
costa_rica,2007,3.557452358
costa_rica,2008,3.640572282
costa_rica,2009,3.098873856
costa_rica,2010,3.377239343
costa_rica,2011,3.699705519
costa_rica,2012,3.805262704
costa_rica,2013,3.638386955
costa_rica,2014,3.627387052
costa_rica,2015,3.422866017
costa_rica,2016,3.420221084
costa_rica,2017,3.508007228
costa_rica,2018,3.547085183
cote_d_ivoire,1990,1.620286741
cote_d_ivoire,1991,1.515904395
cote_d_ivoire,1992,1.588094401
cote_d_ivoire,1993,1.791041874
cote_d_ivoire,1994,1.451269521
cote_d_ivoire,1995,1.933098112
cote_d_ivoire,1996,1.818533997
cote_d_ivoire,1997,1.75944856
cote_d_ivoire,1998,2.306131922
cote_d_ivoire,1999,1.703236379
cote_d_ivoire,2000,1.535040824
cote_d_ivoire,2001,1.730409806
cote_d_ivoire,2002,1.394180432
cote_d_ivoire,2003,1.87728176
cote_d_ivoire,2004,2.036533886
cote_d_ivoire,2005,2.264789987
cote_d_ivoire,2006,2.256104265
cote_d_ivoire,2007,2.114175934
cote_d_ivoire,2008,2.318831508
cote_d_ivoire,2009,2.062118919
cote_d_ivoire,2010,2.184938377
cote_d_ivoire,2011,2.185425229
cote_d_ivoire,2012,2.712402107
cote_d_ivoire,2013,3.980659658
cote_d_ivoire,2014,4.056007723
cote_d_ivoire,2015,3.778129823
cote_d_ivoire,2016,4.223454301
cote_d_ivoire,2017,4.306412085
cote_d_ivoire,2018,4.659600234
croatia,1990,5.809154087
croatia,1991,4.301041553
croatia,1992,4.946420205
croatia,1993,4.957150437
croatia,1994,4.818539545
croatia,1995,5.249025635
croatia,1996,5.462601368
croatia,1997,5.774392039
croatia,1998,5.740472285
croatia,1999,6.026884734
croatia,2000,5.898827383
croatia,2001,6.620132717
croatia,2002,7.013396746
croatia,2003,7.527087167
croatia,2004,7.428621514
croatia,2005,7.804620909
croatia,2006,8.760589185
croatia,2007,8.541844083
croatia,2008,8.427737481
croatia,2009,7.289898021
croatia,2010,6.870252415
croatia,2011,7.474582832
croatia,2012,6.205385307
croatia,2013,6.020814267
croatia,2014,5.683314335
croatia,2015,5.667164838
croatia,2016,5.717276907
croatia,2017,5.878694152
croatia,2018,5.791648815
cyprus,1990,1.815576644
cyprus,1991,1.850099809
cyprus,1992,2.221053434
cyprus,1993,2.030956215
cyprus,1994,2.041399095
cyprus,1995,2.096584284
cyprus,1996,2.472525742
cyprus,1997,2.246603083
cyprus,1998,2.67407931
cyprus,1999,2.246083942
cyprus,2000,2.690384679
cyprus,2001,2.603120859
cyprus,2002,3.122511507
cyprus,2003,2.751541603
cyprus,2004,2.506871322
cyprus,2005,2.643428905
cyprus,2006,2.577210235
cyprus,2007,2.944868241
cyprus,2008,3.341392897
cyprus,2009,3.571716945
cyprus,2010,3.641149808
cyprus,2011,3.203523072
cyprus,2012,2.631226898
cyprus,2013,2.140785466
cyprus,2014,2.131679701
cyprus,2015,2.04444245
cyprus,2016,2.009552865
cyprus,2017,2.08940255
cyprus,2018,2.12398009
denmark,1990,16.81433945
denmark,1991,17.82737364
denmark,1992,18.7518469
denmark,1993,18.14874725
denmark,1994,18.63953607
denmark,1995,18.46345136
denmark,1996,19.85731669
denmark,1997,18.37139619
denmark,1998,17.86253086
denmark,1999,18.93455815
denmark,2000,17.80155939
denmark,2001,17.79620673
denmark,2002,18.05902212
denmark,2003,18.51436617
denmark,2004,18.86955651
denmark,2005,18.2549332
denmark,2006,19.94517771
denmark,2007,18.97570788
denmark,2008,18.27656871
denmark,2009,16.8781879
denmark,2010,17.0367223
denmark,2011,16.61400675
denmark,2012,15.04664107
denmark,2013,15.13800622
denmark,2014,14.3979391
denmark,2015,13.8025988
denmark,2016,13.9086199
denmark,2017,13.76599341
denmark,2018,14.03297872
dominican_republic,1990,2.588701078
dominican_republic,1991,2.782346755
dominican_republic,1992,3.033621769
dominican_republic,1993,3.208453334
dominican_republic,1994,3.414469742
dominican_republic,1995,4.197574997
dominican_republic,1996,4.601133777
dominican_republic,1997,4.945181742
dominican_republic,1998,5.400561068
dominican_republic,1999,5.707357151
dominican_republic,2000,6.444807162
dominican_republic,2001,6.40440244
dominican_republic,2002,6.1864554
dominican_republic,2003,5.701570688
dominican_republic,2004,4.84372513
dominican_republic,2005,5.611297273
dominican_republic,2006,5.773226895
dominican_republic,2007,6.526611375
dominican_republic,2008,6.932215262
dominican_republic,2009,6.382240537
dominican_republic,2010,6.712802638
dominican_republic,2011,6.890508469
dominican_republic,2012,7.228348801
dominican_republic,2013,6.915322755
dominican_republic,2014,6.892689169
dominican_republic,2015,7.009747449
dominican_republic,2016,7.044946388
dominican_republic,2017,6.998728708
dominican_republic,2018,7.236975443
ecuador,1990,4.638856281
ecuador,1991,4.489907441
ecuador,1992,5.680044529
ecuador,1993,6.41068744
ecuador,1994,4.124587743
ecuador,1995,6.187088831
ecuador,1996,6.345190076
ecuador,1997,5.28833248
ecuador,1998,6.70658665
ecuador,1999,5.935498331
ecuador,2000,5.693823328
ecuador,2001,6.969668264
ecuador,2002,8.114382915
ecuador,2003,8.156320024
ecuador,2004,8.607285749
ecuador,2005,9.033988785
ecuador,2006,9.142541155
ecuador,2007,10.41754778
ecuador,2008,9.533515741
ecuador,2009,10.22174136
ecuador,2010,11.52830931
ecuador,2011,12.24248454
ecuador,2012,12.47139056
ecuador,2013,12.92548534
ecuador,2014,13.77275124
ecuador,2015,13.23734933
ecuador,2016,12.87874027
ecuador,2017,12.81979322
ecuador,2018,13.44039425
egypt,1990,22.30626232
egypt,1991,21.35835552
egypt,1992,23.8534664
egypt,1993,25.68363227
egypt,1994,24.33551994
egypt,1995,26.92244113
egypt,1996,27.19158987
egypt,1997,30.36722903
egypt,1998,34.99746413
egypt,1999,36.1549902
egypt,2000,37.68410126
egypt,2001,33.0395014
egypt,2002,33.5160525
egypt,2003,37.85623273
egypt,2004,35.56685643
egypt,2005,41.66096355
egypt,2006,43.28842311
egypt,2007,46.40251758
egypt,2008,50.00383031
egypt,2009,53.94260259
egypt,2010,54.72524065
egypt,2011,57.38771943
egypt,2012,60.63657479
egypt,2013,58.43985659
egypt,2014,63.28596866
egypt,2015,62.51777841
egypt,2016,67.04102974
egypt,2017,68.6637587
egypt,2018,67.59908827
el_salvador,1990,1.097124177
el_salvador,1991,1.258000795
el_salvador,1992,1.345198199
el_salvador,1993,1.463455881
el_salvador,1994,1.630621692
el_salvador,1995,1.785224811
el_salvador,1996,1.655758437
el_salvador,1997,1.970950186
el_salvador,1998,2.225686634
el_salvador,1999,2.157985128
el_salvador,2000,2.246268109
el_salvador,2001,2.425354555
el_salvador,2002,2.490602502
el_salvador,2003,2.563565621
el_salvador,2004,2.469200309
el_salvador,2005,2.435931106
el_salvador,2006,2.540557217
el_salvador,2007,2.577392079
el_salvador,2008,2.550790814
el_salvador,2009,2.2331592
el_salvador,2010,2.305541769
el_salvador,2011,2.493098471
el_salvador,2012,2.389115229
el_salvador,2013,2.353641506
el_salvador,2014,2.336127344
el_salvador,2015,2.357997115
el_salvador,2016,2.307744939
el_salvador,2017,2.191576112
el_salvador,2018,2.215441575
estonia,1990,8.521026558
estonia,1991,8.173137767
estonia,1992,6.490294562
estonia,1993,4.761986604
estonia,1994,4.443158259
estonia,1995,4.235468258
estonia,1996,4.521149782
estonia,1997,4.271804985
estonia,1998,4.714845694
estonia,1999,5.414404127
estonia,2000,5.020469836
estonia,2001,4.875155967
estonia,2002,5.188538757
estonia,2003,5.607037828
estonia,2004,4.993546875
estonia,2005,5.132199391
estonia,2006,5.422203491
estonia,2007,5.744085569
estonia,2008,4.834560864
estonia,2009,4.078964685
estonia,2010,4.783069172
estonia,2011,5.285510373
estonia,2012,4.988765599
estonia,2013,4.997570857
estonia,2014,4.904024614
estonia,2015,4.515623433
estonia,2016,4.677919941
estonia,2017,4.953144749
estonia,2018,4.986220846
ethiopia,1990,1.062895372
ethiopia,1991,1.078094369
ethiopia,1992,1.098687494
ethiopia,1993,1.105103409
ethiopia,1994,0.90979546
ethiopia,1995,1.001239754
ethiopia,1996,1.08870822
ethiopia,1997,1.201075267
ethiopia,1998,1.410388884
ethiopia,1999,1.394807859
ethiopia,2000,1.363625264
ethiopia,2001,1.605972022
ethiopia,2002,1.615608524
ethiopia,2003,1.845042633
ethiopia,2004,1.895020239
ethiopia,2005,2.117013179
ethiopia,2006,2.337063399
ethiopia,2007,2.319220395
ethiopia,2008,2.732780945
ethiopia,2009,3.057355811
ethiopia,2010,2.692923941
ethiopia,2011,2.81339988
ethiopia,2012,3.762914581
ethiopia,2013,4.295407093
ethiopia,2014,4.818125552
ethiopia,2015,4.918939897
ethiopia,2016,5.3471397
ethiopia,2017,5.697010169
ethiopia,2018,5.883195347
finland,1990,21.90218529
finland,1991,20.23520519
finland,1992,27.93593577
finland,1993,23.0111296
finland,1994,21.22197302
finland,1995,20.39821498
finland,1996,20.29194084
finland,1997,19.9861025
finland,1998,19.4826365
finland,1999,20.1716241
finland,2000,20.32217922
finland,2001,21.24043332
finland,2002,21.02912533
finland,2003,23.70158844
finland,2004,24.51761711
finland,2005,22.21175119
finland,2006,25.63115126
finland,2007,25.60659167
finland,2008,23.27282605
finland,2009,19.70140717
finland,2010,22.66819498
finland,2011,20.69207069
finland,2012,19.73640356
finland,2013,18.96795779
finland,2014,18.44332607
finland,2015,17.7684741
finland,2016,17.87478655
finland,2017,17.41994156
finland,2018,18.44182446
france_including_monaco,1990,135.8842756
france_including_monaco,1991,139.2964392
france_including_monaco,1992,149.5131665
france_including_monaco,1993,138.3435473
france_including_monaco,1994,135.6536795
france_including_monaco,1995,138.5903155
france_including_monaco,1996,139.7682229
france_including_monaco,1997,135.9673687
france_including_monaco,1998,141.8489344
france_including_monaco,1999,141.765236
france_including_monaco,2000,144.1226105
france_including_monaco,2001,143.1746417
france_including_monaco,2002,143.2555235
france_including_monaco,2003,143.8204084
france_including_monaco,2004,150.8463592
france_including_monaco,2005,149.9956498
france_including_monaco,2006,146.8818066
france_including_monaco,2007,151.6767995
france_including_monaco,2008,148.7381001
france_including_monaco,2009,139.7121629
france_including_monaco,2010,140.7466469
france_including_monaco,2011,146.0303116
france_including_monaco,2012,131.0536907
france_including_monaco,2013,128.9627828
france_including_monaco,2014,121.7763118
france_including_monaco,2015,120.0792824
france_including_monaco,2016,118.970511
france_including_monaco,2017,122.0563888
france_including_monaco,2018,120.6034462
georgia,1990,4.653720938
georgia,1991,4.177780519
georgia,1992,2.586356227
georgia,1993,2.203160084
georgia,1994,1.341527761
georgia,1995,0.615897293
georgia,1996,2.241907008
georgia,1997,1.906899095
georgia,1998,2.061307799
georgia,1999,1.639275846
georgia,2000,1.522123668
georgia,2001,1.474762356
georgia,2002,1.359832488
georgia,2003,1.567973291
georgia,2004,1.8337966
georgia,2005,2.099668438
georgia,2006,2.444466837
georgia,2007,2.609525805
georgia,2008,2.493593833
georgia,2009,2.098582039
georgia,2010,2.235692708
georgia,2011,2.538345094
georgia,2012,2.884974327
georgia,2013,2.886346969
georgia,2014,3.063090958
georgia,2015,3.095575721
georgia,2016,3.117619633
georgia,2017,3.044496627
georgia,2018,3.078704178
germany,1990,325.0545901
germany,1991,311.2620555
germany,1992,327.1112004
germany,1993,314.9365775
germany,1994,307.8285381
germany,1995,309.9102711
germany,1996,305.0765402
germany,1997,293.1963146
germany,1998,294.5336803
germany,1999,296.8292914
germany,2000,298.2185863
germany,2001,296.7312496
germany,2002,288.6657773
germany,2003,290.3991596
germany,2004,291.7248054
germany,2005,286.1118143
germany,2006,293.8917131
germany,2007,278.4292333
germany,2008,275.7919696
germany,2009,253.8357254
germany,2010,266.4818823
germany,2011,266.4029577
germany,2012,251.2306609
germany,2013,251.3621014
germany,2014,242.5240716
germany,2015,239.0387314
germany,2016,238.2006135
germany,2017,237.700023
germany,2018,235.1508536
ghana,1990,1.319388852
ghana,1991,1.438394323
ghana,1992,1.305548855
ghana,1993,1.476116379
ghana,1994,1.695136492
ghana,1995,1.735195774
ghana,1996,2.050222918
ghana,1997,2.415434002
ghana,1998,2.375179651
ghana,1999,2.549384261
ghana,2000,2.43612992
ghana,2001,2.603018506
ghana,2002,2.660453023
ghana,2003,2.953663103
ghana,2004,3.247721334
ghana,2005,3.349831739
ghana,2006,3.797458935
ghana,2007,4.106250945
ghana,2008,4.086202275
ghana,2009,3.506526526
ghana,2010,4.013792724
ghana,2011,4.986033186
ghana,2012,6.096750102
ghana,2013,5.733260278
ghana,2014,5.72326759
ghana,2015,5.609296348
ghana,2016,5.548852997
ghana,2017,5.019742413
ghana,2018,5.197945195
greece,1990,26.26449011
greece,1991,25.98986827
greece,1992,28.35786751
greece,1993,26.98805046
greece,1994,27.00063818
greece,1995,27.35116087
greece,1996,26.8945269
greece,1997,27.34076592
greece,1998,29.40305866
greece,1999,28.27746641
greece,2000,29.73565231
greece,2001,29.94314487
greece,2002,30.64635657
greece,2003,26.7192647
greece,2004,26.11848239
greece,2005,26.46303958
greece,2006,27.60137047
greece,2007,26.92212563
greece,2008,27.16612949
greece,2009,30.32335106
greece,2010,26.57031363
greece,2011,23.6294419
greece,2012,21.98973665
greece,2013,19.00410534
greece,2014,17.95108103
greece,2015,17.34648554
greece,2016,16.98286974
greece,2017,17.18310318
greece,2018,16.39284205
guatemala,1990,1.811525295
guatemala,1991,1.8189911
guatemala,1992,2.166605738
guatemala,1993,2.030283033
guatemala,1994,2.310774556
guatemala,1995,2.449809057
guatemala,1996,2.346234209
guatemala,1997,2.736566513
guatemala,1998,3.239077775
guatemala,1999,3.287411039
guatemala,2000,3.490541753
guatemala,2001,3.756072813
guatemala,2002,4.263169703
guatemala,2003,3.735995305
guatemala,2004,3.929861721
guatemala,2005,4.386643705
guatemala,2006,4.532487963
guatemala,2007,4.534028193
guatemala,2008,4.364319608
guatemala,2009,4.160311645
guatemala,2010,4.306776158
guatemala,2011,4.71331371
guatemala,2012,4.865318597
guatemala,2013,5.059536824
guatemala,2014,5.25550507
guatemala,2015,5.577354777
guatemala,2016,5.743435071
guatemala,2017,5.991093049
guatemala,2018,6.587328106
guinea,1990,0.274
guinea,1991,0.28
guinea,1992,0.289
guinea,1993,0.297
guinea,1994,0.307
guinea,1995,0.318
guinea,1996,0.337
guinea,1997,0.352
guinea,1998,0.372
guinea,1999,0.391
guinea,2000,0.407
guinea,2001,0.426
guinea,2002,0.443
guinea,2003,0.464
guinea,2004,0.481
guinea,2005,0.498
guinea,2006,0.516
guinea,2007,0.537
guinea,2008,0.545
guinea,2009,0.576
guinea,2010,0.678
guinea,2011,0.708
guinea,2012,0.661
guinea,2013,0.576
guinea,2014,0.591
guinea,2015,0.669
guinea,2016,0.749
guinea,2017,0.786
guinea,2018,0.827542029
honduras,1990,0.881625427
honduras,1991,0.900111185
honduras,1992,1.008649898
honduras,1993,1.009408482
honduras,1994,1.070202573
honduras,1995,1.188619231
honduras,1996,1.283560412
honduras,1997,1.459317188
honduras,1998,1.683943424
honduras,1999,1.849003274
honduras,2000,2.089830113
honduras,2001,2.278787183
honduras,2002,2.626211716
honduras,2003,2.501924099
honduras,2004,2.49855363
honduras,2005,2.714628567
honduras,2006,2.519021798
honduras,2007,2.971353929
honduras,2008,2.951117509
honduras,2009,2.720571528
honduras,2010,2.799796462
honduras,2011,2.791727126
honduras,2012,3.285340521
honduras,2013,3.209195273
honduras,2014,3.23002313
honduras,2015,3.318568849
honduras,2016,3.171683693
honduras,2017,3.248064697
honduras,2018,3.445631015
hong_kong_special_adminstrative_region_of_china,1990,23.61702237
hong_kong_special_adminstrative_region_of_china,1991,25.24425551
hong_kong_special_adminstrative_region_of_china,1992,27.40062595
hong_kong_special_adminstrative_region_of_china,1993,26.33676051
hong_kong_special_adminstrative_region_of_china,1994,33.35026737
hong_kong_special_adminstrative_region_of_china,1995,34.86900728
hong_kong_special_adminstrative_region_of_china,1996,33.93983423
hong_kong_special_adminstrative_region_of_china,1997,38.1241062
hong_kong_special_adminstrative_region_of_china,1998,32.06396558
hong_kong_special_adminstrative_region_of_china,1999,28.49399708
hong_kong_special_adminstrative_region_of_china,2000,30.07913026
hong_kong_special_adminstrative_region_of_china,2001,31.3941293
hong_kong_special_adminstrative_region_of_china,2002,27.95958563
hong_kong_special_adminstrative_region_of_china,2003,26.22394155
hong_kong_special_adminstrative_region_of_china,2004,23.64441896
hong_kong_special_adminstrative_region_of_china,2005,26.24228702
hong_kong_special_adminstrative_region_of_china,2006,27.45111418
hong_kong_special_adminstrative_region_of_china,2007,23.3761535
hong_kong_special_adminstrative_region_of_china,2008,25.54789252
hong_kong_special_adminstrative_region_of_china,2009,22.93357038
hong_kong_special_adminstrative_region_of_china,2010,24.60045756
hong_kong_special_adminstrative_region_of_china,2011,22.04466823
hong_kong_special_adminstrative_region_of_china,2012,30.30961252
hong_kong_special_adminstrative_region_of_china,2013,31.84510801
hong_kong_special_adminstrative_region_of_china,2014,31.85441578
hong_kong_special_adminstrative_region_of_china,2015,29.93368123
hong_kong_special_adminstrative_region_of_china,2016,28.27520503
hong_kong_special_adminstrative_region_of_china,2017,28.99958731
hong_kong_special_adminstrative_region_of_china,2018,29.54375155
hungary,1990,24.4748513
hungary,1991,22.3624269
hungary,1992,25.1853615
hungary,1993,23.24775303
hungary,1994,21.31257214
hungary,1995,20.37726663
hungary,1996,19.0721217
hungary,1997,18.80049016
hungary,1998,19.14789934
hungary,1999,19.44469313
hungary,2000,19.19521768
hungary,2001,19.76523078
hungary,2002,20.86743708
hungary,2003,22.25638843
hungary,2004,21.30019511
hungary,2005,21.26868676
hungary,2006,22.6187244
hungary,2007,22.18749502
hungary,2008,22.25392522
hungary,2009,18.48434425
hungary,2010,18.94746611
hungary,2011,18.80238373
hungary,2012,17.36361279
hungary,2013,16.97958323
hungary,2014,16.87386703
hungary,2015,17.30367019
hungary,2016,17.17773405
hungary,2017,17.84681174
hungary,2018,18.29350633
india,1990,167.3675677
india,1991,173.6810637
india,1992,187.5426256
india,1993,189.4637153
india,1994,199.1517333
india,1995,208.937413
india,1996,222.9672002
india,1997,233.1276757
india,1998,237.5893497
india,1999,261.2227062
india,2000,258.7112706
india,2001,265.6456962
india,2002,270.9569514
india,2003,285.4286177
india,2004,303.4994743
india,2005,315.7976325
india,2006,339.6296187
india,2007,367.9843552
india,2008,392.6829052
india,2009,419.9314671
india,2010,432.4807745
india,2011,450.1417164
india,2012,492.4445073
india,2013,496.923611
india,2014,540.3216063
india,2015,564.2328959
india,2016,595.0449346
india,2017,614.7608772
india,2018,642.6841178
indonesia,1990,39.15830058
indonesia,1991,45.06624194
indonesia,1992,51.42014372
indonesia,1993,54.15834614
indonesia,1994,55.3746103
indonesia,1995,56.8264152
indonesia,1996,63.22456382
indonesia,1997,67.83983419
indonesia,1998,38.32063847
indonesia,1999,57.70016126
indonesia,2000,63.09907934
indonesia,2001,69.45205975
indonesia,2002,76.74522977
indonesia,2003,80.21522686
indonesia,2004,84.76487687
indonesia,2005,86.3098987
indonesia,2006,89.67113098
indonesia,2007,98.49576173
indonesia,2008,111.6254768
indonesia,2009,120.3697042
indonesia,2010,118.2828534
indonesia,2011,138.4197396
indonesia,2012,148.2706176
indonesia,2013,122.2331735
indonesia,2014,123.8893559
indonesia,2015,145.1232094
indonesia,2016,159.6800195
indonesia,2017,150.5848495
indonesia,2018,161.4250979
ireland,1990,10.80036293
ireland,1991,11.20519806
ireland,1992,11.57973508
ireland,1993,10.98953586
ireland,1994,11.18029145
ireland,1995,11.43038448
ireland,1996,13.42868771
ireland,1997,13.28107613
ireland,1998,13.31905046
ireland,1999,14.81394627
ireland,2000,15.25277221
ireland,2001,15.47844564
ireland,2002,15.73287859
ireland,2003,17.33334407
ireland,2004,18.28799184
ireland,2005,19.28636765
ireland,2006,19.17615641
ireland,2007,18.87747689
ireland,2008,17.26587936
ireland,2009,14.185855
ireland,2010,13.26188558
ireland,2011,12.80048985
ireland,2012,12.49355314
ireland,2013,12.31655619
ireland,2014,11.88833892
ireland,2015,11.33398764
ireland,2016,11.60457881
ireland,2017,11.49430774
ireland,2018,11.29366714
islamic_republic_of_iran,1990,55.04577085
islamic_republic_of_iran,1991,59.32212951
islamic_republic_of_iran,1992,59.87893675
islamic_republic_of_iran,1993,58.27195828
islamic_republic_of_iran,1994,63.97557677
islamic_republic_of_iran,1995,68.15671128
islamic_republic_of_iran,1996,71.50777228
islamic_republic_of_iran,1997,72.77846237
islamic_republic_of_iran,1998,84.19532752
islamic_republic_of_iran,1999,90.08063777
islamic_republic_of_iran,2000,87.08045697
islamic_republic_of_iran,2001,95.00309814
islamic_republic_of_iran,2002,93.01199547
islamic_republic_of_iran,2003,110.3074711
islamic_republic_of_iran,2004,115.9142073
islamic_republic_of_iran,2005,118.3666841
islamic_republic_of_iran,2006,127.8962233
islamic_republic_of_iran,2007,135.7438097
islamic_republic_of_iran,2008,139.1750454
islamic_republic_of_iran,2009,140.8171463
islamic_republic_of_iran,2010,148.276867
islamic_republic_of_iran,2011,150.2546277
islamic_republic_of_iran,2012,151.514247
islamic_republic_of_iran,2013,150.3695595
islamic_republic_of_iran,2014,161.8792582
islamic_republic_of_iran,2015,164.0628378
islamic_republic_of_iran,2016,162.7703658
islamic_republic_of_iran,2017,178.4837942
islamic_republic_of_iran,2018,188.640417
israel,1990,13.54321979
israel,1991,13.68921354
israel,1992,15.86798273
israel,1993,15.93554583
israel,1994,16.7592491
israel,1995,17.70722712
israel,1996,18.27075537
israel,1997,18.94155147
israel,1998,19.42936371
israel,1999,17.29378017
israel,2000,18.05320233
israel,2001,19.11971665
israel,2002,18.1171011
israel,2003,20.98976475
israel,2004,20.03234265
israel,2005,19.72213673
israel,2006,21.01843432
israel,2007,21.24503996
israel,2008,22.65283388
israel,2009,20.8202035
israel,2010,22.542939959999998
israel,2011,23.09549838
israel,2012,24.60372901
israel,2013,22.2041748
israel,2014,21.80470566
israel,2015,21.96385201
israel,2016,21.6047094
israel,2017,21.66569742
israel,2018,21.92117437
italy_including_san_marino,1990,153.6535161
italy_including_san_marino,1991,152.1738
italy_including_san_marino,1992,165.8466809
italy_including_san_marino,1993,151.6668553
italy_including_san_marino,1994,147.0555175
italy_including_san_marino,1995,152.3880921
italy_including_san_marino,1996,143.4870969
italy_including_san_marino,1997,145.3368041
italy_including_san_marino,1998,148.4571909
italy_including_san_marino,1999,152.9432733
italy_including_san_marino,2000,159.3728945
italy_including_san_marino,2001,156.0721404
italy_including_san_marino,2002,160.6621744
italy_including_san_marino,2003,160.3528609
italy_including_san_marino,2004,166.9691332
italy_including_san_marino,2005,166.5082574
italy_including_san_marino,2006,172.4422525
italy_including_san_marino,2007,169.9736641
italy_including_san_marino,2008,169.7016701
italy_including_san_marino,2009,149.6335912
italy_including_san_marino,2010,157.4049231
italy_including_san_marino,2011,157.1749856
italy_including_san_marino,2012,141.8809924
italy_including_san_marino,2013,131.1817612
italy_including_san_marino,2014,126.5749951
italy_including_san_marino,2015,125.8575947
italy_including_san_marino,2016,123.6850135
italy_including_san_marino,2017,124.7309323
italy_including_san_marino,2018,127.1480089
jamaica,1990,2.020389991
jamaica,1991,2.014438721
jamaica,1992,1.923625257
jamaica,1993,2.111988362
jamaica,1994,2.068462419
jamaica,1995,2.369495742
jamaica,1996,1.978769963
jamaica,1997,2.158564035
jamaica,1998,2.702643539
jamaica,1999,2.63707251
jamaica,2000,2.041436546
jamaica,2001,2.812927531
jamaica,2002,2.247182493
jamaica,2003,2.896026942
jamaica,2004,3.100850583
jamaica,2005,3.402039833
jamaica,2006,3.96217597
jamaica,2007,3.947981226
jamaica,2008,3.849174153
jamaica,2009,2.41810201
jamaica,2010,2.614578275
jamaica,2011,3.007388756
jamaica,2012,2.889935284
jamaica,2013,2.985532108
jamaica,2014,2.728883932
jamaica,2015,2.591023156
jamaica,2016,2.439552031
jamaica,2017,2.370644076
jamaica,2018,2.350628701
japan,1990,360.7224514
japan,1991,365.6263502
japan,1992,389.2041448
japan,1993,381.4638165
japan,1994,400.5269171
japan,1995,409.3215079
japan,1996,406.9500732
japan,1997,399.9884702
japan,1998,374.0908164
japan,1999,397.6698505
japan,2000,417.5234746
japan,2001,405.101847
japan,2002,408.2104207
japan,2003,411.5521161
japan,2004,410.971296
japan,2005,414.9211792
japan,2006,408.2164332
japan,2007,412.7756549
japan,2008,405.3466414
japan,2009,371.3242783
japan,2010,389.2336751
japan,2011,413.9327902
japan,2012,424.2124592
japan,2013,411.9764607
japan,2014,394.9855747
japan,2015,377.3862676
japan,2016,371.5147828
japan,2017,366.9541981
japan,2018,358.1946807
jordan,1990,4.325491296
jordan,1991,3.887728944
jordan,1992,4.598280657
jordan,1993,4.413937506
jordan,1994,4.826930781
jordan,1995,4.926889734
jordan,1996,4.078489252
jordan,1997,4.723651952
jordan,1998,4.872854295
jordan,1999,4.590579502
jordan,2000,4.582203847
jordan,2001,5.417253887
jordan,2002,5.932357318
jordan,2003,5.876772662
jordan,2004,6.67044491
jordan,2005,7.3272196
jordan,2006,7.088778556
jordan,2007,7.054391141
jordan,2008,7.450076611
jordan,2009,8.023411359
jordan,2010,7.418136274
jordan,2011,7.661972946
jordan,2012,7.533892542
jordan,2013,9.147277404
jordan,2014,9.441034312
jordan,2015,9.129077172
jordan,2016,8.706123347
jordan,2017,9.266281274
jordan,2018,9.362364926
kazakhstan,1990,79.66816209
kazakhstan,1991,58.94445401
kazakhstan,1992,36.32188595
kazakhstan,1993,47.01586024
kazakhstan,1994,40.87081686
kazakhstan,1995,37.2694026
kazakhstan,1996,33.1310006
kazakhstan,1997,31.05879809
kazakhstan,1998,32.24964219
kazakhstan,1999,28.03018626
kazakhstan,2000,30.27539161
kazakhstan,2001,32.03457014
kazakhstan,2002,34.38142801
kazakhstan,2003,36.94804406
kazakhstan,2004,38.09094526
kazakhstan,2005,42.3180414
kazakhstan,2006,50.12843445
kazakhstan,2007,52.33311873
kazakhstan,2008,49.44842917
kazakhstan,2009,45.96450533
kazakhstan,2010,43.20628249
kazakhstan,2011,40.47750869
kazakhstan,2012,48.04441291
kazakhstan,2013,53.35573626
kazakhstan,2014,57.23726255
kazakhstan,2015,67.0285623
kazakhstan,2016,64.00658688
kazakhstan,2017,65.43743718
kazakhstan,2018,64.69255276
kenya,1990,2.176572478
kenya,1991,1.956880806
kenya,1992,2.262519855
kenya,1993,2.354055727
kenya,1994,2.443973665
kenya,1995,2.780043554
kenya,1996,2.563420076
kenya,1997,2.490784926
kenya,1998,3.551983661
kenya,1999,3.113797134
kenya,2000,2.766350622
kenya,2001,2.841466565
kenya,2002,1.989881875
kenya,2003,2.587881712
kenya,2004,2.90488236
kenya,2005,3.352081623
kenya,2006,3.848132335
kenya,2007,3.959954218
kenya,2008,4.158006739
kenya,2009,5.021743264
kenya,2010,4.852142036
kenya,2011,5.307603729
kenya,2012,5.366570351
kenya,2013,6.402704494
kenya,2014,6.590822227
kenya,2015,6.965413279
kenya,2016,7.13326397
kenya,2017,7.135123427
kenya,2018,7.447229278
kuwait,1990,10.65922314
kuwait,1991,6.116349858
kuwait,1992,9.133337726
kuwait,1993,13.12479568
kuwait,1994,14.38539771
kuwait,1995,14.14671731
kuwait,1996,12.0076691
kuwait,1997,13.09225363
kuwait,1998,14.59695142
kuwait,1999,11.95921743
kuwait,2000,8.357786498
kuwait,2001,10.68354037
kuwait,2002,11.46055717
kuwait,2003,14.11082741
kuwait,2004,14.60523866
kuwait,2005,15.83094348
kuwait,2006,16.98260593
kuwait,2007,18.73990104
kuwait,2008,20.06049219
kuwait,2009,19.80156628
kuwait,2010,20.41680161
kuwait,2011,19.18125307
kuwait,2012,20.52532813
kuwait,2013,21.95305169
kuwait,2014,21.74436859
kuwait,2015,24.60509296
kuwait,2016,26.36108144
kuwait,2017,26.81401998
kuwait,2018,26.21205936
kyrgyzstan,1990,5.761585267
kyrgyzstan,1991,5.151954027
kyrgyzstan,1992,4.73477198
kyrgyzstan,1993,3.4537192
kyrgyzstan,1994,2.73185203
kyrgyzstan,1995,2.697795644
kyrgyzstan,1996,2.311904509
kyrgyzstan,1997,1.495789646
kyrgyzstan,1998,2.719337446
kyrgyzstan,1999,1.533730124
kyrgyzstan,2000,1.313184208
kyrgyzstan,2001,1.087841844
kyrgyzstan,2002,1.260584709
kyrgyzstan,2003,1.650534878
kyrgyzstan,2004,1.81711354
kyrgyzstan,2005,2.169063223
kyrgyzstan,2006,2.879456787
kyrgyzstan,2007,2.023312841
kyrgyzstan,2008,2.182222646
kyrgyzstan,2009,3.461608327
kyrgyzstan,2010,3.228933028
kyrgyzstan,2011,3.568952666
kyrgyzstan,2012,4.334960039
kyrgyzstan,2013,4.328565893
kyrgyzstan,2014,4.506677797
kyrgyzstan,2015,4.411122438
kyrgyzstan,2016,4.096667665
kyrgyzstan,2017,4.145483133
kyrgyzstan,2018,4.541864634
lao_people_s_democratic_republic,1990,0.224787658
lao_people_s_democratic_republic,1991,0.242143817
lao_people_s_democratic_republic,1992,0.257517336
lao_people_s_democratic_republic,1993,0.264786323
lao_people_s_democratic_republic,1994,0.290600548
lao_people_s_democratic_republic,1995,0.324131208
lao_people_s_democratic_republic,1996,0.338534717
lao_people_s_democratic_republic,1997,0.333799574
lao_people_s_democratic_republic,1998,0.348641266
lao_people_s_democratic_republic,1999,0.336857856
lao_people_s_democratic_republic,2000,0.529801252
lao_people_s_democratic_republic,2001,0.440653513
lao_people_s_democratic_republic,2002,0.499347186
lao_people_s_democratic_republic,2003,0.487956167
lao_people_s_democratic_republic,2004,0.513723798
lao_people_s_democratic_republic,2005,0.534074878
lao_people_s_democratic_republic,2006,0.693983873
lao_people_s_democratic_republic,2007,0.753602328
lao_people_s_democratic_republic,2008,0.88357226
lao_people_s_democratic_republic,2009,1.08235201
lao_people_s_democratic_republic,2010,1.197539856
lao_people_s_democratic_republic,2011,1.38881691
lao_people_s_democratic_republic,2012,1.601999075
lao_people_s_democratic_republic,2013,2.056638977
lao_people_s_democratic_republic,2014,2.10214229
lao_people_s_democratic_republic,2015,3.056902364
lao_people_s_democratic_republic,2016,4.128664989
lao_people_s_democratic_republic,2017,4.870984866
lao_people_s_democratic_republic,2018,7.903128641
latvia,1990,5.75219446
latvia,1991,5.304826541
latvia,1992,4.877668831
latvia,1993,3.876518437
latvia,1994,3.649427256
latvia,1995,3.392978276
latvia,1996,3.842597792
latvia,1997,3.721967163
latvia,1998,3.688080152
latvia,1999,3.406236677
latvia,2000,3.422269869
latvia,2001,3.374596312
latvia,2002,3.188743711
latvia,2003,3.960033083
latvia,2004,3.872769666
latvia,2005,3.579805875
latvia,2006,4.143525112
latvia,2007,4.601953653
latvia,2008,4.451216844
latvia,2009,3.555231022
latvia,2010,3.614145883
latvia,2011,3.547728657
latvia,2012,3.606149231
latvia,2013,3.450954595
latvia,2014,3.382194976
latvia,2015,3.341071958
latvia,2016,3.277405444
latvia,2017,3.355788595
latvia,2018,3.619525783
lithuania,1990,11.62311498
lithuania,1991,12.31726263
lithuania,1992,13.85800844
lithuania,1993,8.524353379
lithuania,1994,7.55492366
lithuania,1995,7.417869275
lithuania,1996,6.047620268
lithuania,1997,5.807201018
lithuania,1998,6.0127252
lithuania,1999,5.33786046
lithuania,2000,4.944063129
lithuania,2001,4.752620245
lithuania,2002,5.656932806
lithuania,2003,5.460637238
lithuania,2004,5.378277773
lithuania,2005,5.48397576
lithuania,2006,6.364046896
lithuania,2007,6.659579908
lithuania,2008,6.349565212
lithuania,2009,5.386441761
lithuania,2010,5.428475802
lithuania,2011,6.304477204
lithuania,2012,5.858487868
lithuania,2013,5.737101203
lithuania,2014,5.80116909
lithuania,2015,5.920514281
lithuania,2016,5.809816506
lithuania,2017,5.868354494
lithuania,2018,6.205761507
luxembourg,1990,3.233524957
luxembourg,1991,3.402234661
luxembourg,1992,3.338471701
luxembourg,1993,3.376857548
luxembourg,1994,3.156093944
luxembourg,1995,2.502811002
luxembourg,1996,2.516350339
luxembourg,1997,2.33982163
luxembourg,1998,2.100183686
luxembourg,1999,2.349748405
luxembourg,2000,2.108578024
luxembourg,2001,2.282217375
luxembourg,2002,2.466124373
luxembourg,2003,2.998294787
luxembourg,2004,3.588873743
luxembourg,2005,3.960192153
luxembourg,2006,4.6843383
luxembourg,2007,3.007946822
luxembourg,2008,7.099000103
luxembourg,2009,7.184085426
luxembourg,2010,6.88588465
luxembourg,2011,2.889561142
luxembourg,2012,6.824938028
luxembourg,2013,6.644167154
luxembourg,2014,6.363551444
luxembourg,2015,6.484373482
luxembourg,2016,6.243293553
luxembourg,2017,6.348881552
luxembourg,2018,6.29639116
madagascar,1990,0.363510943
madagascar,1991,0.383208295
madagascar,1992,0.383150353
madagascar,1993,0.40195149
madagascar,1994,0.463242415
madagascar,1995,0.473662489
madagascar,1996,0.41138987
madagascar,1997,0.49112034
madagascar,1998,0.620436775
madagascar,1999,0.697551199
madagascar,2000,0.616140125
madagascar,2001,0.628927889
madagascar,2002,0.456363018
madagascar,2003,0.804885667
madagascar,2004,0.665319505
madagascar,2005,0.902809203
madagascar,2006,0.772182615
madagascar,2007,0.891181464
madagascar,2008,1.11253361
madagascar,2009,1.019526353
madagascar,2010,0.940121969
madagascar,2011,0.996254647
madagascar,2012,1.191796818
madagascar,2013,1.322588023
madagascar,2014,1.276037418
madagascar,2015,1.338738803
madagascar,2016,1.278107708
madagascar,2017,1.381115519
madagascar,2018,1.482813242
malawi,1990,0.414071285
malawi,1991,0.421985522
malawi,1992,0.420189634
malawi,1993,0.468856058
malawi,1994,0.479914868
malawi,1995,0.494934655
malawi,1996,0.57044139
malawi,1997,0.570049901
malawi,1998,0.547436313
malawi,1999,0.537763743
malawi,2000,0.48228425
malawi,2001,0.47121663
malawi,2002,0.553427423
malawi,2003,0.527785991
malawi,2004,0.506150753
malawi,2005,0.532036751
malawi,2006,0.531730546
malawi,2007,0.532393626
malawi,2008,0.656477764
malawi,2009,0.728824935
malawi,2010,0.726061722
malawi,2011,0.689895759
malawi,2012,0.590650704
malawi,2013,0.817957659
malawi,2014,0.791479794
malawi,2015,0.776983687
malawi,2016,0.811323049
malawi,2017,0.85404049
malawi,2018,0.901058118
malaysia,1990,18.12557586
malaysia,1991,19.96580199
malaysia,1992,22.13875414
malaysia,1993,23.69525031
malaysia,1994,24.03504599
malaysia,1995,27.29643144
malaysia,1996,27.74291417
malaysia,1997,30.8432789
malaysia,1998,21.85491248
malaysia,1999,26.00777186
malaysia,2000,30.4210201
malaysia,2001,31.75388412
malaysia,2002,34.74611769
malaysia,2003,36.17141466
malaysia,2004,38.68102437
malaysia,2005,41.0630388
malaysia,2006,41.41606659
malaysia,2007,42.89099329
malaysia,2008,48.28081004
malaysia,2009,45.78121665
malaysia,2010,52.25797858
malaysia,2011,53.57225182
malaysia,2012,57.9352017
malaysia,2013,64.41560056
malaysia,2014,65.59866088
malaysia,2015,64.45334331
malaysia,2016,65.67680562
malaysia,2017,65.75376087
malaysia,2018,67.01159391
malta,1990,0.912981248
malta,1991,0.873318624
malta,1992,0.935282262
malta,1993,1.007503416
malta,1994,0.985728882
malta,1995,0.996752871
malta,1996,1.031854554
malta,1997,0.966296542
malta,1998,1.265123613
malta,1999,1.131103182
malta,2000,1.280545402
malta,2001,1.286812383
malta,2002,1.080429242
malta,2003,1.436136385
malta,2004,0.9728999
malta,2005,1.182821394
malta,2006,1.40410058
malta,2007,1.02229457
malta,2008,1.631879242
malta,2009,1.560858677
malta,2010,1.471591273
malta,2011,1.660620537
malta,2012,2.038794342
malta,2013,1.503385067
malta,2014,1.497189172
malta,2015,1.404382383
malta,2016,1.319344136
malta,2017,1.385372206
malta,2018,1.453617697
mauritius,1990,0.708297412
mauritius,1991,0.746172518
mauritius,1992,0.818372882
mauritius,1993,0.845535685
mauritius,1994,0.843991694
mauritius,1995,0.914599902
mauritius,1996,1.009485228
mauritius,1997,1.005026163
mauritius,1998,0.993216533
mauritius,1999,1.088326318
mauritius,2000,1.203488975
mauritius,2001,1.17006955
mauritius,2002,1.187419073
mauritius,2003,1.284748366
mauritius,2004,1.340784512
mauritius,2005,1.254657059
mauritius,2006,1.421607831
mauritius,2007,1.353587375
mauritius,2008,1.466543137
mauritius,2009,1.376246812
mauritius,2010,1.380038279
mauritius,2011,1.599222376
mauritius,2012,1.417959126
mauritius,2013,1.447355723
mauritius,2014,1.441958433
mauritius,2015,1.413696557
mauritius,2016,1.458776412
mauritius,2017,1.522855551
mauritius,2018,1.639621295
mexico,1990,87.76328746
mexico,1991,92.47504197
mexico,1992,94.51886032
mexico,1993,96.1347728
mexico,1994,99.41315418
mexico,1995,88.05581016
mexico,1996,93.21076797
mexico,1997,103.6057518
mexico,1998,110.2621061
mexico,1999,112.3838759
mexico,2000,118.8482654
mexico,2001,121.7550083
mexico,2002,122.6416144
mexico,2003,128.6539665
mexico,2004,126.8000521
mexico,2005,137.9952507
mexico,2006,141.9756613
mexico,2007,137.006343
mexico,2008,141.4831474
mexico,2009,134.9238109
mexico,2010,136.1242647
mexico,2011,140.2331501
mexico,2012,148.1201493
mexico,2013,148.0496837
mexico,2014,145.4232077
mexico,2015,139.9436022
mexico,2016,135.9299297
mexico,2017,131.2130634
mexico,2018,129.195941
mongolia,1990,2.459299354
mongolia,1991,2.425860444
mongolia,1992,2.521447015
mongolia,1993,1.671325377
mongolia,1994,1.607985131
mongolia,1995,1.637121423
mongolia,1996,2.056476374
mongolia,1997,1.671981012
mongolia,1998,1.763666006
mongolia,1999,1.815242772
mongolia,2000,1.809258252
mongolia,2001,1.880308033
mongolia,2002,2.010028684
mongolia,2003,2.251276656
mongolia,2004,2.280580252
mongolia,2005,2.371920504
mongolia,2006,2.692613313
mongolia,2007,3.263014976
mongolia,2008,3.516067775
mongolia,2009,3.740217579
mongolia,2010,3.995051459
mongolia,2011,6.296830561
mongolia,2012,9.593265188
mongolia,2013,11.51034078
mongolia,2014,7.82319807
mongolia,2015,6.481937328
mongolia,2016,6.714856768
mongolia,2017,8.429563032
mongolia,2018,14.93686173
morocco,1990,8.509807498
morocco,1991,8.631053384
morocco,1992,9.923992262
morocco,1993,9.754917997
morocco,1994,9.950465203
morocco,1995,10.19219206
morocco,1996,9.250108541
morocco,1997,8.980292573
morocco,1998,9.726875926
morocco,1999,10.60805209
morocco,2000,11.21521637
morocco,2001,11.89297534
morocco,2002,13.10225693
morocco,2003,11.55382177
morocco,2004,13.07413232
morocco,2005,13.95461535
morocco,2006,14.65944706
morocco,2007,15.31658125
morocco,2008,16.68703273
morocco,2009,15.94691314
morocco,2010,16.76932006
morocco,2011,17.33256812
morocco,2012,17.78009441
morocco,2013,17.63626077
morocco,2014,17.56742325
morocco,2015,17.52718871
morocco,2016,17.27248043
morocco,2017,17.96333235
morocco,2018,18.37490218
mozambique,1990,0.862683511
mozambique,1991,0.834507609
mozambique,1992,0.800655017
mozambique,1993,0.883422395
mozambique,1994,0.896130034
mozambique,1995,0.959926939
mozambique,1996,0.652596283
mozambique,1997,0.531143914
mozambique,1998,0.786203682
mozambique,1999,1.045412617
mozambique,2000,1.139859877
mozambique,2001,1.082781058
mozambique,2002,1.189971801
mozambique,2003,1.185837446
mozambique,2004,1.136874404
mozambique,2005,1.295272594
mozambique,2006,1.689509675
mozambique,2007,2.051739045
mozambique,2008,2.379799686
mozambique,2009,2.655773362
mozambique,2010,2.487752801
mozambique,2011,2.907339499
mozambique,2012,3.073469113
mozambique,2013,4.048384277
mozambique,2014,5.075248264
mozambique,2015,4.384665174
mozambique,2016,4.706434214
mozambique,2017,4.724698176
mozambique,2018,4.814456568
namibia,1990,0
namibia,1991,0.288
namibia,1992,0.314
namibia,1993,0.379
namibia,1994,0.429
namibia,1995,0.442
namibia,1996,0.47
namibia,1997,0.483
namibia,1998,0.496
namibia,1999,0.454
namibia,2000,1.329796018
namibia,2001,1.503373132
namibia,2002,0.407436422
namibia,2003,1.13257058
namibia,2004,1.455175877
namibia,2005,1.428373313
namibia,2006,1.467749805
namibia,2007,1.6757579
namibia,2008,2.009548885
namibia,2009,1.137752534
namibia,2010,1.079642092
namibia,2011,1.034610422
namibia,2012,1.359764776
namibia,2013,2.115034166
namibia,2014,2.468892011
namibia,2015,2.378455957
namibia,2016,2.444336163
namibia,2017,2.442951762
namibia,2018,2.477501228
nepal,1990,0.331076723
nepal,1991,0.433653857
nepal,1992,0.492315929
nepal,1993,0.546856694
nepal,1994,0.608150994
nepal,1995,0.793110135
nepal,1996,0.800120197
nepal,1997,0.872556861
nepal,1998,1.143918279
nepal,1999,1.716399863
nepal,2000,1.043905412
nepal,2001,1.088757
nepal,2002,1.040722568
nepal,2003,1.395690483
nepal,2004,1.18810296
nepal,2005,1.264119869
nepal,2006,1.175443246
nepal,2007,1.285354444
nepal,2008,1.531452517
nepal,2009,2.022941679
nepal,2010,2.607163693
nepal,2011,2.797470709
nepal,2012,2.782321341
nepal,2013,3.477790769
nepal,2014,3.757960295
nepal,2015,3.23135121
nepal,2016,3.968054649
nepal,2017,4.311000354
nepal,2018,5.256965808
netherlands,1990,54.89579939
netherlands,1991,57.13013761
netherlands,1992,64.89339803
netherlands,1993,59.76298457
netherlands,1994,58.64387066
netherlands,1995,59.57405814
netherlands,1996,58.91983926
netherlands,1997,57.36156987
netherlands,1998,58.77235964
netherlands,1999,39.45297033
netherlands,2000,39.13263363
netherlands,2001,38.17207437
netherlands,2002,41.37553444
netherlands,2003,51.46936925
netherlands,2004,51.7316848
netherlands,2005,52.2591622
netherlands,2006,59.69362782
netherlands,2007,49.42069062
netherlands,2008,50.10763812
netherlands,2009,48.43278625
netherlands,2010,50.26872591
netherlands,2011,45.8677501
netherlands,2012,45.05317092
netherlands,2013,43.91908805
netherlands,2014,42.72122336
netherlands,2015,42.35094404
netherlands,2016,41.46230584
netherlands,2017,41.2698087
netherlands,2018,41.69184732
new_zealand,1990,7.349036539
new_zealand,1991,7.390419504
new_zealand,1992,7.752079119
new_zealand,1993,7.759801568
new_zealand,1994,7.972370537
new_zealand,1995,8.314943407
new_zealand,1996,8.779939549
new_zealand,1997,9.263153633
new_zealand,1998,8.492419022
new_zealand,1999,9.332550969
new_zealand,2000,9.016323378
new_zealand,2001,9.254130276
new_zealand,2002,9.688552337
new_zealand,2003,10.27299148
new_zealand,2004,10.76268532
new_zealand,2005,11.44322857
new_zealand,2006,10.85990161
new_zealand,2007,11.05976838
new_zealand,2008,11.19148505
new_zealand,2009,9.9318199
new_zealand,2010,10.03472661
new_zealand,2011,10.33005399
new_zealand,2012,10.71395995
new_zealand,2013,10.57654201
new_zealand,2014,10.66065293
new_zealand,2015,10.52691814
new_zealand,2016,10.2623915
new_zealand,2017,10.61220299
new_zealand,2018,10.55873808
nicaragua,1990,0.678891775
nicaragua,1991,0.695787402
nicaragua,1992,0.84265221
nicaragua,1993,0.797368857
nicaragua,1994,0.849877068
nicaragua,1995,0.906759473
nicaragua,1996,0.924997846
nicaragua,1997,1.018881606
nicaragua,1998,1.114895345
nicaragua,1999,1.19557746
nicaragua,2000,1.263851191
nicaragua,2001,1.310844123
nicaragua,2002,1.361148116
nicaragua,2003,1.55280797
nicaragua,2004,1.520566334
nicaragua,2005,1.546563142
nicaragua,2006,1.586480824
nicaragua,2007,1.640206481
nicaragua,2008,1.532394923
nicaragua,2009,1.512781261
nicaragua,2010,1.612985752
nicaragua,2011,1.695375939
nicaragua,2012,1.741139367
nicaragua,2013,1.554323457
nicaragua,2014,1.598245281
nicaragua,2015,1.737850226
nicaragua,2016,1.765795265
nicaragua,2017,1.737116581
nicaragua,2018,1.742416017
nigeria,1990,10.33188818
nigeria,1991,10.89136015
nigeria,1992,11.98590803
nigeria,1993,11.96344692
nigeria,1994,10.08225394
nigeria,1995,9.212069661
nigeria,1996,9.975613971
nigeria,1997,12.18127653
nigeria,1998,11.64670062
nigeria,1999,9.568836349
nigeria,2000,12.76103652
nigeria,2001,17.60300052
nigeria,2002,19.65712583
nigeria,2003,21.2353666
nigeria,2004,23.03807034
nigeria,2005,25.15773137
nigeria,2006,19.70783328
nigeria,2007,23.56857337
nigeria,2008,24.14903268
nigeria,2009,22.1291608
nigeria,2010,25.69837064
nigeria,2011,27.12294103
nigeria,2012,22.81169674
nigeria,2013,32.31271534
nigeria,2014,33.09061513
nigeria,2015,33.91494512
nigeria,2016,34.99456206
nigeria,2017,35.96177403
nigeria,2018,35.44268124
norway,2003,12.29311019
norway,2004,12.02079022
norway,2005,12.38325224
norway,2006,13.20053652
norway,2007,14.51952176
norway,2008,13.83571864
norway,2009,13.34492235
norway,2010,13.94548052
norway,2011,13.99113047
norway,2012,13.66792147
norway,2013,13.24934609
norway,2014,13.17231562
norway,2015,13.32549905
norway,2016,13.41674562
norway,2017,13.32089976
norway,2018,13.19702138
oman,1990,3.407325427
oman,1991,3.637970599
oman,1992,3.721885756
oman,1993,4.168310455
oman,1994,4.643230047
oman,1995,4.769482932
oman,1996,4.572125982
oman,1997,4.705737452
oman,1998,5.085869158
oman,1999,5.077268599
oman,2000,5.199078352
oman,2001,5.197407291
oman,2002,6.38234848
oman,2003,7.827306431
oman,2004,6.517188772
oman,2005,6.949442472
oman,2006,9.713127506
oman,2007,10.82462709
oman,2008,11.20233049
oman,2009,11.63798014
oman,2010,10.84691464
oman,2011,11.60708169
oman,2012,14.91294677
oman,2013,15.96573556
oman,2014,17.42687182
oman,2015,18.40769265
oman,2016,17.42845186
oman,2017,17.50210983
oman,2018,17.94456636
pakistan,1990,19.70529822
pakistan,1991,19.21806199
pakistan,1992,21.09800436
pakistan,1993,22.40863789
pakistan,1994,24.1992054
pakistan,1995,24.11672261
pakistan,1996,26.92115758
pakistan,1997,26.58230109
pakistan,1998,26.39606738
pakistan,1999,29.08949686
pakistan,2000,30.92648097
pakistan,2001,30.65815802
pakistan,2002,33.04618822
pakistan,2003,33.05211154
pakistan,2004,37.0120426
pakistan,2005,40.14475128
pakistan,2006,42.3706582
pakistan,2007,44.72276067
pakistan,2008,45.01011132
pakistan,2009,44.58921748
pakistan,2010,44.16450775
pakistan,2011,44.38847468
pakistan,2012,45.13785185
pakistan,2013,44.23886408
pakistan,2014,45.33826498
pakistan,2015,49.29293817
pakistan,2016,57.72624057
pakistan,2017,65.77638073
pakistan,2018,69.69401425
panama,1990,0.786023221
panama,1991,0.818083529
panama,1992,0.955799458
panama,1993,0.924046919
panama,1994,0.973075998
panama,1995,0.951394838
panama,1996,1.104520738
panama,1997,1.166661721
panama,1998,1.442046675
panama,1999,1.585003651
panama,2000,1.51521191
panama,2001,1.586581165
panama,2002,1.6328826
panama,2003,0.051045699
panama,2004,0.220987749
panama,2005,-0.294936445
panama,2006,-0.366698245
panama,2007,0.246937142
panama,2008,1.453514038
panama,2009,4.769557915
panama,2010,6.830657495
panama,2011,4.051864414
panama,2012,7.448595836
panama,2013,6.496181327
panama,2014,6.758630382
panama,2015,6.56429208
panama,2016,6.285124628
panama,2017,6.571863401
panama,2018,6.841089
paraguay,1990,1.021591089
paraguay,1991,1.032928446
paraguay,1992,1.174075581
paraguay,1993,1.218715158
paraguay,1994,1.381340285
paraguay,1995,1.52116472
paraguay,1996,1.437658165
paraguay,1997,1.593804585
paraguay,1998,1.560276476
paraguay,1999,1.594236179
paraguay,2000,1.452806959
paraguay,2001,1.455623639
paraguay,2002,1.316996417
paraguay,2003,1.436880341
paraguay,2004,1.521943364
paraguay,2005,1.502191057
paraguay,2006,1.659502932
paraguay,2007,1.746533444
paraguay,2008,2.195935252
paraguay,2009,1.970793445
paraguay,2010,2.404492878
paraguay,2011,2.398369989
paraguay,2012,2.466631897
paraguay,2013,2.508069928
paraguay,2014,2.579638902
paraguay,2015,2.651301463
paraguay,2016,2.830352189
paraguay,2017,3.031285765
paraguay,2018,3.156452322
peru,1990,6.525218529
peru,1991,6.458141455
peru,1992,6.553901994
peru,1993,7.243076619
peru,1994,7.339479983
peru,1995,7.68086483
peru,1996,7.522825708
peru,1997,8.394863743
peru,1998,8.619483802
peru,1999,9.080626185
peru,2000,9.410873258
peru,2001,8.429613958
peru,2002,8.982585695
peru,2003,8.029007063
peru,2004,8.960650071
peru,2005,10.12635562
peru,2006,8.758184646
peru,2007,10.21900124
peru,2008,13.37678934
peru,2009,14.10983265
peru,2010,16.56601092
peru,2011,15.13590801
peru,2012,17.06681606
peru,2013,15.12944515
peru,2014,16.66320405
peru,2015,16.25608927
peru,2016,16.62515267
peru,2017,16.55065461
peru,2018,17.09364924
philippines,1990,16.78664779
philippines,1991,16.82656287
philippines,1992,20.65277317
philippines,1993,19.42718931
philippines,1994,20.15345227
philippines,1995,21.56596401
philippines,1996,21.4277776
philippines,1997,23.63287806
philippines,1998,21.29670121
philippines,1999,22.9479417
philippines,2000,24.89696124
philippines,2001,24.12428768
philippines,2002,23.49390214
philippines,2003,24.84820887
philippines,2004,24.52665949
philippines,2005,25.41020642
philippines,2006,23.43202636
philippines,2007,24.8007325
philippines,2008,27.32818543
philippines,2009,26.15141793
philippines,2010,28.53265669
philippines,2011,29.21036593
philippines,2012,31.27320673
philippines,2013,34.22405801
philippines,2014,35.28578502
philippines,2015,37.25735425
philippines,2016,39.01552581
philippines,2017,41.64075349
philippines,2018,42.92919333
plurinational_state_of_bolivia,1990,1.526949964
plurinational_state_of_bolivia,1991,1.590375938
plurinational_state_of_bolivia,1992,1.784136045
plurinational_state_of_bolivia,1993,2.058176257
plurinational_state_of_bolivia,1994,2.195353702
plurinational_state_of_bolivia,1995,2.462350395
plurinational_state_of_bolivia,1996,2.480893801
plurinational_state_of_bolivia,1997,2.904643283
plurinational_state_of_bolivia,1998,2.990418291
plurinational_state_of_bolivia,1999,2.998977044
plurinational_state_of_bolivia,2000,3.028697337
plurinational_state_of_bolivia,2001,2.396344487
plurinational_state_of_bolivia,2002,2.972229126
plurinational_state_of_bolivia,2003,2.748818605
plurinational_state_of_bolivia,2004,2.624597818
plurinational_state_of_bolivia,2005,2.784595071
plurinational_state_of_bolivia,2006,3.341519351
plurinational_state_of_bolivia,2007,2.828991376
plurinational_state_of_bolivia,2008,3.135118605
plurinational_state_of_bolivia,2009,3.516564558
plurinational_state_of_bolivia,2010,3.678581236
plurinational_state_of_bolivia,2011,4.090104024
plurinational_state_of_bolivia,2012,4.39494027
plurinational_state_of_bolivia,2013,4.539015138
plurinational_state_of_bolivia,2014,4.820533123
plurinational_state_of_bolivia,2015,5.131842244
plurinational_state_of_bolivia,2016,5.616700395
plurinational_state_of_bolivia,2017,5.866850785
plurinational_state_of_bolivia,2018,6.000185014
poland,1990,88.04096947
poland,1991,91.99229296
poland,1992,94.28129817
poland,1993,91.65998036
poland,1994,88.19938374
poland,1995,87.56066681
poland,1996,89.59311795
poland,1997,87.56371331
poland,1998,80.48127119
poland,1999,83.87766109
poland,2000,80.48251121
poland,2001,79.1025558
poland,2002,77.11091207
poland,2003,76.93410561
poland,2004,78.52737653
poland,2005,78.55215957
poland,2006,83.33892199
poland,2007,86.13814813
poland,2008,87.03987608
poland,2009,82.6358988
poland,2010,87.40398888
poland,2011,88.06947224
poland,2012,85.79599376
poland,2013,82.66102708
poland,2014,79.67750236
poland,2015,78.98781384
poland,2016,79.08094181
poland,2017,81.19817543
poland,2018,81.73829739
portugal,1990,14.18073865
portugal,1991,14.77882716
portugal,1992,16.37602864
portugal,1993,15.9388902
portugal,1994,16.17090138
portugal,1995,17.27060952
portugal,1996,16.550452
portugal,1997,17.68815737
portugal,1998,18.99579336
portugal,1999,20.10413386
portugal,2000,21.28609354
portugal,2001,20.99406155
portugal,2002,21.94456742
portugal,2003,21.04954034
portugal,2004,22.30784828
portugal,2005,23.33619075
portugal,2006,21.83314699
portugal,2007,20.44895406
portugal,2008,19.9496827
portugal,2009,18.20506893
portugal,2010,17.66625199
portugal,2011,17.00266905
portugal,2012,15.58315572
portugal,2013,15.00229452
portugal,2014,14.95528261
portugal,2015,15.44244214
portugal,2016,14.96118627
portugal,2017,15.80712447
portugal,2018,15.46264561
qatar,1990,2.991143536
qatar,1991,4.378777515
qatar,1992,6.337795889
qatar,1993,7.389095955
qatar,1994,7.396900729
qatar,1995,7.720942966
qatar,1996,7.862004464
qatar,1997,8.576425682
qatar,1998,7.693500792
qatar,1999,4.508647407
qatar,2000,4.460370836
qatar,2001,5.473930596
qatar,2002,6.492871646
qatar,2003,6.281032707
qatar,2004,6.130283365
qatar,2005,7.773672552
qatar,2006,8.43507565
qatar,2007,9.409405407
qatar,2008,10.83480371
qatar,2009,12.41325747
qatar,2010,11.51427999
qatar,2011,9.857208854
qatar,2012,12.4284164
qatar,2013,11.4858071
qatar,2014,14.79888541
qatar,2015,17.91449543
qatar,2016,19.94202423
qatar,2017,19.42984143
qatar,2018,19.24359174
republic_of_cameroon,1990,0.373177469
republic_of_cameroon,1991,0.24181326
republic_of_cameroon,1992,0.887360718
republic_of_cameroon,1993,0.935028163
republic_of_cameroon,1994,0.914278631
republic_of_cameroon,1995,0.997746655
republic_of_cameroon,1996,1.07525757
republic_of_cameroon,1997,1.095628667
republic_of_cameroon,1998,1.083696585
republic_of_cameroon,1999,0.887826289
republic_of_cameroon,2000,1.094763188
republic_of_cameroon,2001,1.240278353
republic_of_cameroon,2002,1.245603062
republic_of_cameroon,2003,1.440424688
republic_of_cameroon,2004,1.391778056
republic_of_cameroon,2005,1.429145011
republic_of_cameroon,2006,1.454051507
republic_of_cameroon,2007,1.669652896
republic_of_cameroon,2008,1.827604243
republic_of_cameroon,2009,2.126236324
republic_of_cameroon,2010,2.170607091
republic_of_cameroon,2011,2.292178871
republic_of_cameroon,2012,2.390380871
republic_of_cameroon,2013,2.383575754
republic_of_cameroon,2014,2.786700839
republic_of_cameroon,2015,2.797970987
republic_of_cameroon,2016,2.89833736
republic_of_cameroon,2017,2.870941573
republic_of_cameroon,2018,2.975774362
republic_of_korea,1990,87.03809304
republic_of_korea,1991,90.46202137
republic_of_korea,1992,104.0528202
republic_of_korea,1993,108.5163206
republic_of_korea,1994,113.8749993
republic_of_korea,1995,121.3579628
republic_of_korea,1996,130.3285465
republic_of_korea,1997,132.9692556
republic_of_korea,1998,95.82860539
republic_of_korea,1999,116.1590903
republic_of_korea,2000,132.9012266
republic_of_korea,2001,127.5870107
republic_of_korea,2002,138.7901598
republic_of_korea,2003,140.0712214
republic_of_korea,2004,143.4739157
republic_of_korea,2005,148.4918969
republic_of_korea,2006,157.1251693
republic_of_korea,2007,165.1340708
republic_of_korea,2008,168.3907668
republic_of_korea,2009,152.0095658
republic_of_korea,2010,171.5675901
republic_of_korea,2011,177.2301122
republic_of_korea,2012,173.5259547
republic_of_korea,2013,175.027504
republic_of_korea,2014,176.8583577
republic_of_korea,2015,177.0661991
republic_of_korea,2016,179.9198886
republic_of_korea,2017,183.1181857
republic_of_korea,2018,187.7731557
romania,1990,42.7682831
romania,1991,34.72274355
romania,1992,32.31671008
romania,1993,30.34835292
romania,1994,28.53543063
romania,1995,28.86419968
romania,1996,27.84397669
romania,1997,25.16806657
romania,1998,24.52788407
romania,1999,21.80496573
romania,2000,22.8257503
romania,2001,24.25965994
romania,2002,24.4946485
romania,2003,25.77008689
romania,2004,26.44474707
romania,2005,28.99751514
romania,2006,32.27550393
romania,2007,30.96293923
romania,2008,31.41469745
romania,2009,24.58978414
romania,2010,24.64233006
romania,2011,25.38048396
romania,2012,23.86128706
romania,2013,21.11651112
romania,2014,21.07448298
romania,2015,21.04723211
romania,2016,20.6043068
romania,2017,21.39055658
romania,2018,21.44738113
russian_federation,1990,556.5205698
russian_federation,1991,566.1541755
russian_federation,1992,215.8041553
russian_federation,1993,305.7777286
russian_federation,1994,321.9734842
russian_federation,1995,319.6612085
russian_federation,1996,342.4755498
russian_federation,1997,321.3413874
russian_federation,1998,287.3196299
russian_federation,1999,275.5453227
russian_federation,2000,272.9760287
russian_federation,2001,306.1694981
russian_federation,2002,307.8361959
russian_federation,2003,327.1313008
russian_federation,2004,330.7241887
russian_federation,2005,337.0177985
russian_federation,2006,341.9508748
russian_federation,2007,362.0102604
russian_federation,2008,366.6284423
russian_federation,2009,348.7215535
russian_federation,2010,367.8444978
russian_federation,2011,387.362092
russian_federation,2012,401.9527667
russian_federation,2013,391.6682188
russian_federation,2014,387.1268667
russian_federation,2015,378.7954026
russian_federation,2016,387.5430479
russian_federation,2017,394.122508
russian_federation,2018,386.0745892
rwanda,1990,0.142827821
rwanda,1991,0.128762941
rwanda,1992,0.130717092
rwanda,1993,0.131661727
rwanda,1994,0.125825795
rwanda,1995,0.123818875
rwanda,1996,0.126871724
rwanda,1997,0.131440267
rwanda,1998,0.131384903
rwanda,1999,0.137127421
rwanda,2000,0.141842716
rwanda,2001,0.142316068
rwanda,2002,0.141786026
rwanda,2003,0.138689137
rwanda,2004,0.140592249
rwanda,2005,0.14049536
rwanda,2006,0.140398472
rwanda,2007,0.147974048
rwanda,2008,0.144054585
rwanda,2009,0.152362588
rwanda,2010,0.15649479
rwanda,2011,0.176588974
rwanda,2012,0.19608679
rwanda,2013,0.21350292
rwanda,2014,0.22181714
rwanda,2015,0.252860262
rwanda,2016,0.285720524
rwanda,2017,0.286720524
rwanda,2018,0.294786568
saudi_arabia,1990,47.74784528
saudi_arabia,1991,66.91983189
saudi_arabia,1992,71.41899215
saudi_arabia,1993,79.33136364
saudi_arabia,1994,77.96905343
saudi_arabia,1995,60.75604665
saudi_arabia,1996,66.28063247
saudi_arabia,1997,56.11553777
saudi_arabia,1998,59.58001903
saudi_arabia,1999,51.18577327
saudi_arabia,2000,56.53635116
saudi_arabia,2001,60.09587429
saudi_arabia,2002,64.85181862
saudi_arabia,2003,83.38604185
saudi_arabia,2004,96.77224568
saudi_arabia,2005,97.80455075
saudi_arabia,2006,111.264018
saudi_arabia,2007,102.0451948
saudi_arabia,2008,113.6496049
saudi_arabia,2009,125.1293385
saudi_arabia,2010,138.6984491
saudi_arabia,2011,133.0374296
saudi_arabia,2012,148.0794793
saudi_arabia,2013,151.8437018
saudi_arabia,2014,168.0565587
saudi_arabia,2015,184.5592017
saudi_arabia,2016,164.4641897
saudi_arabia,2017,166.5292287
saudi_arabia,2018,164.3443985
senegal,1990,0.92753817
senegal,1991,0.992503266
senegal,1992,1.022505274
senegal,1993,1.053316493
senegal,1994,1.098408755
senegal,1995,1.026396921
senegal,1996,1.200528721
senegal,1997,1.101401302
senegal,1998,1.147286259
senegal,1999,1.222554274
senegal,2000,1.323166498
senegal,2001,1.446722263
senegal,2002,1.849168371
senegal,2003,1.672207561
senegal,2004,1.739904893
senegal,2005,1.92505958
senegal,2006,1.75368579
senegal,2007,1.877109293
senegal,2008,1.94520123
senegal,2009,1.721287313
senegal,2010,2.295940993
senegal,2011,2.503853218
senegal,2012,2.59394622
senegal,2013,2.626698078
senegal,2014,2.793221898
senegal,2015,2.870400814
senegal,2016,2.869781328
senegal,2017,2.825121249
senegal,2018,2.919810312
singapore,1990,19.5248427
singapore,1991,20.34307679
singapore,1992,23.02271341
singapore,1993,23.292701
singapore,1994,25.19235897
singapore,1995,24.77199277
singapore,1996,27.95425357
singapore,1997,30.7603411
singapore,1998,26.10959437
singapore,1999,27.69563932
singapore,2000,32.63476989
singapore,2001,27.51030095
singapore,2002,27.68673468
singapore,2003,29.44984485
singapore,2004,30.86368529
singapore,2005,37.21784381
singapore,2006,45.01502109
singapore,2007,29.56911787
singapore,2008,32.38693335
singapore,2009,30.2405868
singapore,2010,31.30245328
singapore,2011,29.77014343
singapore,2012,33.18258421
singapore,2013,32.86692163
singapore,2014,32.6725799
singapore,2015,31.14361152
singapore,2016,28.91201881
singapore,2017,29.50935998
singapore,2018,30.12404426
slovakia,1990,19.91438829
slovakia,1991,15.66719583
slovakia,1992,15.18555877
slovakia,1993,14.08244054
slovakia,1994,12.3350668
slovakia,1995,12.8735314
slovakia,1996,13.16386422
slovakia,1997,12.84975161
slovakia,1998,13.18396672
slovakia,1999,12.2684307
slovakia,2000,12.112338
slovakia,2001,12.5140072
slovakia,2002,12.31104619
slovakia,2003,11.96187971
slovakia,2004,12.01765773
slovakia,2005,12.15044498
slovakia,2006,13.07266023
slovakia,2007,13.22274115
slovakia,2008,14.17978715
slovakia,2009,12.71984544
slovakia,2010,13.2973309
slovakia,2011,13.55191143
slovakia,2012,12.54518193
slovakia,2013,12.6980719
slovakia,2014,12.49215108
slovakia,2015,12.67322444
slovakia,2016,12.52771867
slovakia,2017,12.8621369
slovakia,2018,13.11723604
slovenia,1990,4.345632688
slovenia,1991,4.134369924
slovenia,1992,5.235095029
slovenia,1993,4.882895711
slovenia,1994,4.655894007
slovenia,1995,5.024703072
slovenia,1996,4.864341502
slovenia,1997,4.987770477
slovenia,1998,5.122815794
slovenia,1999,4.924293747
slovenia,2000,5.236210088
slovenia,2001,5.083605058
slovenia,2002,5.123016229
slovenia,2003,5.111817309
slovenia,2004,5.097298959
slovenia,2005,5.242735123
slovenia,2006,5.762495702
slovenia,2007,5.922209131
slovenia,2008,6.126396894
slovenia,2009,5.407275698
slovenia,2010,5.706735998
slovenia,2011,6.260003523
slovenia,2012,5.391004904
slovenia,2013,5.233747852
slovenia,2014,4.879149886
slovenia,2015,4.899415904
slovenia,2016,4.977483845
slovenia,2017,5.007889527
slovenia,2018,5.073598165
south_africa,1990,59.75743979
south_africa,1991,64.95995239
south_africa,1992,60.80511074
south_africa,1993,62.86169166
south_africa,1994,67.4873239
south_africa,1995,70.98917693
south_africa,1996,69.09116117
south_africa,1997,72.91196529
south_africa,1998,70.31739014
south_africa,1999,77.18072631
south_africa,2000,75.89967999
south_africa,2001,71.18012629
south_africa,2002,67.10586321
south_africa,2003,76.3469489
south_africa,2004,88.04857351
south_africa,2005,82.32614369
south_africa,2006,89.00981541
south_africa,2007,89.722811
south_africa,2008,89.59703291
south_africa,2009,95.47520885
south_africa,2010,89.95323936
south_africa,2011,90.34861416
south_africa,2012,90.59892015
south_africa,2013,88.9569026
south_africa,2014,92.0622654
south_africa,2015,87.87187784
south_africa,2016,87.57862431
south_africa,2017,90.34202244
south_africa,2018,91.51276152
spain,1990,72.41074017
spain,1991,73.96835394
spain,1992,79.79950715
spain,1993,74.31418487
spain,1994,75.248227
spain,1995,78.45817016
spain,1996,73.96569564
spain,1997,75.49873772
spain,1998,79.89907662
spain,1999,85.83649875
spain,2000,90.10722725
spain,2001,91.25213696
spain,2002,98.74000822
spain,2003,98.78618078
spain,2004,106.8100167
spain,2005,113.5473656
spain,2006,116.6901856
spain,2007,119.4188792
spain,2008,111.1105375
spain,2009,95.46745338
spain,2010,93.62782013
spain,2011,91.61575615
spain,2012,84.93975778
spain,2013,76.95442171
spain,2014,76.70661639
spain,2015,78.02282597
spain,2016,74.74913922
spain,2017,77.92297275
spain,2018,78.4838295
sri_lanka,1990,1.707358665
sri_lanka,1991,1.889006036
sri_lanka,1992,2.15009287
sri_lanka,1993,2.162928318
sri_lanka,1994,2.358242285
sri_lanka,1995,2.519299062
sri_lanka,1996,2.763362577
sri_lanka,1997,2.809923614
sri_lanka,1998,3.01895989
sri_lanka,1999,3.797652269
sri_lanka,2000,4.128696536
sri_lanka,2001,4.257870184
sri_lanka,2002,4.771309278
sri_lanka,2003,4.606056889
sri_lanka,2004,4.924184464
sri_lanka,2005,5.257314426
sri_lanka,2006,5.058773398
sri_lanka,2007,5.075402402
sri_lanka,2008,5.588814427
sri_lanka,2009,5.411049109
sri_lanka,2010,5.760145902
sri_lanka,2011,7.071056583
sri_lanka,2012,7.565215992
sri_lanka,2013,7.256485272
sri_lanka,2014,7.86044803
sri_lanka,2015,8.142163425
sri_lanka,2016,8.797969408
sri_lanka,2017,8.832097099
sri_lanka,2018,8.997000803
sweden,1990,23.19405774
sweden,1991,22.96449661
sweden,1992,25.40546071
sweden,1993,23.5989572
sweden,1994,23.38962962
sweden,1995,23.12689604
sweden,1996,24.39419147
sweden,1997,22.98004441
sweden,1998,23.20980123
sweden,1999,21.99680298
sweden,2000,22.48654211
sweden,2001,21.33745785
sweden,2002,22.02902666
sweden,2003,23.54285897
sweden,2004,23.94823467
sweden,2005,23.54612245
sweden,2006,24.22617462
sweden,2007,24.86715272
sweden,2008,23.86995357
sweden,2009,20.32412303
sweden,2010,23.53401429
sweden,2011,22.56075225
sweden,2012,21.37273114
sweden,2013,20.34638571
sweden,2014,19.68675929
sweden,2015,19.2035186
sweden,2016,18.95170395
sweden,2017,19.14832189
sweden,2018,19.31786693
switzerland,1990,23.24086554
switzerland,1991,23.82134214
switzerland,1992,25.76970963
switzerland,1993,23.58865249
switzerland,1994,23.40358504
switzerland,1995,24.41521152
switzerland,1996,29.24765711
switzerland,1997,25.9919527
switzerland,1998,31.4543947
switzerland,1999,28.79412549
switzerland,2000,31.17812922
switzerland,2001,28.1983618
switzerland,2002,26.30477232
switzerland,2003,29.87231386
switzerland,2004,30.10671486
switzerland,2005,30.51967673
switzerland,2006,29.70292641
switzerland,2007,31.55561534
switzerland,2008,32.35195447
switzerland,2009,30.11626096
switzerland,2010,29.85905104
switzerland,2011,33.15713998
switzerland,2012,31.26749153
switzerland,2013,34.99055974
switzerland,2014,33.75594816
switzerland,2015,32.65303305
switzerland,2016,31.94377735
switzerland,2017,32.57350075
switzerland,2018,32.70308511
taiwan,1990,46.96435528
taiwan,1991,47.12857416
taiwan,1992,59.45109128
taiwan,1993,56.67892089
taiwan,1994,56.61131229
taiwan,1995,58.32307128
taiwan,1996,54.28175374
taiwan,1997,59.2162035
taiwan,1998,58.83068403
taiwan,1999,61.1870185
taiwan,2000,66.4861153
taiwan,2001,59.07494187
taiwan,2002,64.05481996
taiwan,2003,66.62510271
taiwan,2004,74.74878506
taiwan,2005,73.50164207
taiwan,2006,71.39116091
taiwan,2007,76.39852138
taiwan,2008,72.61670861
taiwan,2009,65.67015154
taiwan,2010,74.45366099
taiwan,2011,72.63585868
taiwan,2012,72.13950689
taiwan,2013,71.35341553
taiwan,2014,71.77471878
taiwan,2015,69.81161327
taiwan,2016,70.33701756
taiwan,2017,72.6564214
taiwan,2018,74.64707664
thailand,1990,32.9003
thailand,1991,33.47761515
thailand,1992,42.84467519
thailand,1993,42.18385026
thailand,1994,43.51638275
thailand,1995,47.75897494
thailand,1996,50.12670749
thailand,1997,47.1062957
thailand,1998,35.48521422
thailand,1999,40.38107871
thailand,2000,42.45347319
thailand,2001,43.93619549
thailand,2002,44.01586511
thailand,2003,50.13890762
thailand,2004,56.07727086
thailand,2005,59.67659588
thailand,2006,58.57997898
thailand,2007,58.96488797
thailand,2008,61.68301487
thailand,2009,61.47336338
thailand,2010,68.11460503
thailand,2011,70.16497217
thailand,2012,75.56948454
thailand,2013,78.13200617
thailand,2014,76.59410598
thailand,2015,75.52385603
thailand,2016,73.71870583
thailand,2017,75.46283924
thailand,2018,78.33940077
togo,1990,0.346026927
togo,1991,0.373963501
togo,1992,0.380962869
togo,1993,0.394629326
togo,1994,0.399184096
togo,1995,0.457072047
togo,1996,0.451132155
togo,1997,0.367907039
togo,1998,0.510625516
togo,1999,0.522413173
togo,2000,0.438766555
togo,2001,0.473348933
togo,2002,0.522570659
togo,2003,0.714422547
togo,2004,0.723469436
togo,2005,0.877465387
togo,2006,0.934190868
togo,2007,1.293209146
togo,2008,1.078784714
togo,2009,1.185442196
togo,2010,1.270289163
togo,2011,1.245084971
togo,2012,2.249797423
togo,2013,1.975766574
togo,2014,2.013488196
togo,2015,2.029722637
togo,2016,2.022809644
togo,2017,2.057852724
togo,2018,2.138790177
trinidad_and_tobago,1990,3.206509336
trinidad_and_tobago,1991,3.387685329
trinidad_and_tobago,1992,3.813619073
trinidad_and_tobago,1993,3.506069869
trinidad_and_tobago,1994,3.338781626
trinidad_and_tobago,1995,3.046442608
trinidad_and_tobago,1996,3.905198951
trinidad_and_tobago,1997,4.055481466
trinidad_and_tobago,1998,4.127803889
trinidad_and_tobago,1999,3.726328449
trinidad_and_tobago,2000,3.460999915
trinidad_and_tobago,2001,4.163990149
trinidad_and_tobago,2002,4.885190364
trinidad_and_tobago,2003,5.411434015
trinidad_and_tobago,2004,5.1091373
trinidad_and_tobago,2005,5.044584251
trinidad_and_tobago,2006,3.683812741
trinidad_and_tobago,2007,5.348620683
trinidad_and_tobago,2008,5.443098864
trinidad_and_tobago,2009,8.03767733
trinidad_and_tobago,2010,7.753124595
trinidad_and_tobago,2011,6.482535633
trinidad_and_tobago,2012,6.593878987
trinidad_and_tobago,2013,6.376423562
trinidad_and_tobago,2014,7.34716136
trinidad_and_tobago,2015,8.174512099
trinidad_and_tobago,2016,8.027659589
trinidad_and_tobago,2017,7.590477848
trinidad_and_tobago,2018,6.993425093
tunisia,1990,4.400052718
tunisia,1991,4.684072278
tunisia,1992,5.845075907
tunisia,1993,5.434909197
tunisia,1994,4.866075949
tunisia,1995,4.917190021
tunisia,1996,5.097731923
tunisia,1997,5.278165833
tunisia,1998,5.036062358
tunisia,1999,5.314055296
tunisia,2000,6.204033564
tunisia,2001,5.838537502
tunisia,2002,6.029475311
tunisia,2003,5.642640455
tunisia,2004,5.86889948
tunisia,2005,5.737033568
tunisia,2006,5.997393831
tunisia,2007,5.940722206
tunisia,2008,6.584189646
tunisia,2009,6.38511291
tunisia,2010,6.960233192
tunisia,2011,6.684845012
tunisia,2012,6.528484376
tunisia,2013,7.169294609
tunisia,2014,7.364531005
tunisia,2015,7.672686536
tunisia,2016,7.481033669
tunisia,2017,7.597805022
tunisia,2018,7.659417232
turkey,1990,58.98009446
turkey,1991,57.96025669
turkey,1992,67.2504275
turkey,1993,62.60675238
turkey,1994,56.48847918
turkey,1995,60.64705756
turkey,1996,57.26553567
turkey,1997,60.95978908
turkey,1998,61.92640438
turkey,1999,62.57941927
turkey,2000,72.98830685
turkey,2001,58.19323899
turkey,2002,64.4192122
turkey,2003,68.77073789
turkey,2004,75.48039553
turkey,2005,82.75000799
turkey,2006,87.57440009
turkey,2007,99.33847074
turkey,2008,98.03467384
turkey,2009,91.75830978
turkey,2010,99.7893871
turkey,2011,105.8997262
turkey,2012,108.054858
turkey,2013,108.8863377
turkey,2014,110.6777022
turkey,2015,113.5405496
turkey,2016,117.9893231
turkey,2017,122.4284386
turkey,2018,118.3313203
uganda,1990,0.414834309
uganda,1991,0.423050522
uganda,1992,0.438600053
uganda,1993,0.486065134
uganda,1994,0.468885263
uganda,1995,0.536498444
uganda,1996,0.466729788
uganda,1997,0.507645524
uganda,1998,0.694296978
uganda,1999,0.715135048
uganda,2000,0.610919456
uganda,2001,0.748449478
uganda,2002,0.667897978
uganda,2003,0.786862987
uganda,2004,0.816950159
uganda,2005,0.957546253
uganda,2006,1.168604343
uganda,2007,1.204734873
uganda,2008,1.319669366
uganda,2009,1.494883632
uganda,2010,1.633119363
uganda,2011,1.696986706
uganda,2012,1.753335623
uganda,2013,1.765745604
uganda,2014,1.869020844
uganda,2015,1.926974428
uganda,2016,1.986225237
uganda,2017,2.059701043
uganda,2018,2.134216029
ukraine,1990,137.9012659
ukraine,1991,125.3681757
ukraine,1992,120.8259702
ukraine,1993,102.4384186
ukraine,1994,75.42194804
ukraine,1995,60.52757838
ukraine,1996,76.69835079
ukraine,1997,74.2808083
ukraine,1998,66.45519454
ukraine,1999,64.38890366
ukraine,2000,57.73761693
ukraine,2001,68.94914563
ukraine,2002,68.10560057
ukraine,2003,62.07352244
ukraine,2004,58.81912786
ukraine,2005,66.72668378
ukraine,2006,69.7594703
ukraine,2007,74.81842918
ukraine,2008,75.18721569
ukraine,2009,64.06686481
ukraine,2010,66.80571426
ukraine,2011,71.38891904
ukraine,2012,71.43839726
ukraine,2013,71.07346458
ukraine,2014,61.15751702
ukraine,2015,53.37517269
ukraine,2016,56.09930978
ukraine,2017,55.50346135
ukraine,2018,60.08838486
united_arab_emirates,1990,15.30403531
united_arab_emirates,1991,16.79357464
united_arab_emirates,1992,17.43296718
united_arab_emirates,1993,19.01326602
united_arab_emirates,1994,21.26961064
united_arab_emirates,1995,21.16526316
united_arab_emirates,1996,21.82805852
united_arab_emirates,1997,22.16052168
united_arab_emirates,1998,25.50899031
united_arab_emirates,1999,22.1319762
united_arab_emirates,2000,28.21679779
united_arab_emirates,2001,28.61015428
united_arab_emirates,2002,26.64320189
united_arab_emirates,2003,35.24132999
united_arab_emirates,2004,39.88845555
united_arab_emirates,2005,44.945274
united_arab_emirates,2006,47.31226935
united_arab_emirates,2007,55.63398446
united_arab_emirates,2008,67.06595296
united_arab_emirates,2009,53.29454143
united_arab_emirates,2010,53.00951087
united_arab_emirates,2011,58.00802308
united_arab_emirates,2012,62.13759743
united_arab_emirates,2013,65.01625402
united_arab_emirates,2014,64.56023906
united_arab_emirates,2015,65.85223694
united_arab_emirates,2016,63.27542223
united_arab_emirates,2017,57.99360612
united_arab_emirates,2018,61.03438213
united_kingdom,1990,182.5764384
united_kingdom,1991,184.680872
united_kingdom,1992,188.908344
united_kingdom,1993,179.4549018
united_kingdom,1994,177.8683785
united_kingdom,1995,176.6669578
united_kingdom,1996,184.8671037
united_kingdom,1997,183.9365276
united_kingdom,1998,190.6108561
united_kingdom,1999,187.1017085
united_kingdom,2000,189.9803466
united_kingdom,2001,192.4825554
united_kingdom,2002,190.6093229
united_kingdom,2003,194.7743769
united_kingdom,2004,200.9589128
united_kingdom,2005,198.3013857
united_kingdom,2006,202.5005103
united_kingdom,2007,204.4861017
united_kingdom,2008,194.0302235
united_kingdom,2009,179.1741297
united_kingdom,2010,186.0969222
united_kingdom,2011,171.6045708
united_kingdom,2012,174.7752512
united_kingdom,2013,168.2533438
united_kingdom,2014,160.9638133
united_kingdom,2015,155.5255218
united_kingdom,2016,147.7999524
united_kingdom,2017,146.3473497
united_kingdom,2018,147.4253932
united_republic_of_tanzania,1990,0.943606709
united_republic_of_tanzania,1991,1.001141184
united_republic_of_tanzania,1992,0.985079001
united_republic_of_tanzania,1993,1.057032432
united_republic_of_tanzania,1994,0.99077398
united_republic_of_tanzania,1995,1.078260581
united_republic_of_tanzania,1996,1.033479952
united_republic_of_tanzania,1997,1.163115422
united_republic_of_tanzania,1998,1.143968358
united_republic_of_tanzania,1999,1.197756074
united_republic_of_tanzania,2000,1.348297291
united_republic_of_tanzania,2001,1.442367285
united_republic_of_tanzania,2002,1.580586887
united_republic_of_tanzania,2003,1.718511945
united_republic_of_tanzania,2004,1.857084187
united_republic_of_tanzania,2005,2.253616046
united_republic_of_tanzania,2006,2.597148332
united_republic_of_tanzania,2007,2.472274371
united_republic_of_tanzania,2008,2.999250484
united_republic_of_tanzania,2009,2.931078088
united_republic_of_tanzania,2010,3.192573352
united_republic_of_tanzania,2011,3.8992527
united_republic_of_tanzania,2012,4.586147758
united_republic_of_tanzania,2013,5.342552256
united_republic_of_tanzania,2014,5.306136883
united_republic_of_tanzania,2015,5.313613306
united_republic_of_tanzania,2016,5.218884984
united_republic_of_tanzania,2017,5.398847088
united_republic_of_tanzania,2018,5.679422411
united_states_of_america,1990,1376.941055
united_states_of_america,1991,1355.705691
united_states_of_america,1992,1404.252651
united_states_of_america,1993,1421.069466
united_states_of_america,1994,1448.900614
united_states_of_america,1995,1465.372968
united_states_of_america,1996,1511.595644
united_states_of_america,1997,1540.497316
united_states_of_america,1998,1585.905929
united_states_of_america,1999,1632.621586
united_states_of_america,2000,1704.015161
united_states_of_america,2001,1680.719562
united_states_of_america,2002,1713.498618
united_states_of_america,2003,1734.937593
united_states_of_america,2004,1787.15283
united_states_of_america,2005,1797.448912
united_states_of_america,2006,1797.210537
united_states_of_america,2007,1803.487279
united_states_of_america,2008,1725.188564
united_states_of_america,2009,1582.695404
united_states_of_america,2010,1640.01462
united_states_of_america,2011,1623.945674
united_states_of_america,2012,1563.279279
united_states_of_america,2013,1588.026286
united_states_of_america,2014,1597.792636
united_states_of_america,2015,1563.563208
united_states_of_america,2016,1531.074549
united_states_of_america,2017,1526.071795
united_states_of_america,2018,1574.067866
uruguay,1990,1.340542469
uruguay,1991,1.484067012
uruguay,1992,1.670567628
uruguay,1993,1.535774045
uruguay,1994,1.468833779
uruguay,1995,1.642180058
uruguay,1996,1.989212188
uruguay,1997,2.178479514
uruguay,1998,2.312978445
uruguay,1999,2.712253064
uruguay,2000,2.311842361
uruguay,2001,2.088094589
uruguay,2002,1.730041107
uruguay,2003,1.783614836
uruguay,2004,2.085120267
uruguay,2005,2.263452361
uruguay,2006,2.447890461
uruguay,2007,2.404408016
uruguay,2008,3.026609341
uruguay,2009,2.78708171
uruguay,2010,2.800218093
uruguay,2011,3.239035798
uruguay,2012,3.7152535
uruguay,2013,3.48813265
uruguay,2014,3.280315847
uruguay,2015,3.111404196
uruguay,2016,3.034446209
uruguay,2017,2.999901776
uruguay,2018,3.145661793
venezuela,1990,25.72803472
venezuela,1991,26.68002913
venezuela,1992,25.94504176
venezuela,1993,29.71596055
venezuela,1994,29.7982635
venezuela,1995,31.76008248
venezuela,1996,27.0605156
venezuela,1997,32.48343117
venezuela,1998,42.4006957
venezuela,1999,31.91734686
venezuela,2000,23.95208961
venezuela,2001,32.85473315
venezuela,2002,28.56621496
venezuela,2003,37.273178
venezuela,2004,30.13551599
venezuela,2005,32.07982553
venezuela,2006,29.67038877
venezuela,2007,31.4665083
venezuela,2008,36.03056923
venezuela,2009,45.25704086
venezuela,2010,43.65380325
venezuela,2011,41.18918474
venezuela,2012,49.18031728
venezuela,2013,46.8808145
venezuela,2014,50.27328308
venezuela,2015,50.4704308
venezuela,2016,48.05755881
venezuela,2017,44.08806362
venezuela,2018,41.35713974
viet_nam,1990,6.293297475
viet_nam,1991,6.262241613
viet_nam,1992,6.268526258
viet_nam,1993,6.800813228
viet_nam,1994,7.698412666
viet_nam,1995,8.418748393
viet_nam,1996,10.15101685
viet_nam,1997,12.29082389
viet_nam,1998,12.75248782
viet_nam,1999,11.7598546
viet_nam,2000,13.17284431
viet_nam,2001,14.80363235
viet_nam,2002,17.31801757
viet_nam,2003,23.01946641
viet_nam,2004,25.71471747
viet_nam,2005,27.61759852
viet_nam,2006,29.87063259
viet_nam,2007,31.97076203
viet_nam,2008,36.35317041
viet_nam,2009,38.86858868
viet_nam,2010,42.21326516
viet_nam,2011,44.15696479
viet_nam,2012,42.80766129
viet_nam,2013,49.52261342
viet_nam,2014,52.18373521
viet_nam,2015,54.44883507
viet_nam,2016,52.72283184
viet_nam,2017,51.89479234
viet_nam,2018,56.53168738
zambia,1990,0.737125068
zambia,1991,0.800876609
zambia,1992,0.822368945
zambia,1993,0.880124001
zambia,1994,0.892012983
zambia,1995,0.884145327
zambia,1996,0.876104965
zambia,1997,1.133100433
zambia,1998,1.068310947
zambia,1999,0.872822684
zambia,2000,1.056016509
zambia,2001,1.066185903
zambia,2002,1.084706895
zambia,2003,1.072783544
zambia,2004,1.013347021
zambia,2005,1.063213208
zambia,2006,1.279317151
zambia,2007,1.350253616
zambia,2008,1.823288517
zambia,2009,1.553187656
zambia,2010,1.476651498
zambia,2011,1.911279815
zambia,2012,1.770651261
zambia,2013,2.210967631
zambia,2014,2.371692497
zambia,2015,2.26335809
zambia,2016,2.381311193
zambia,2017,2.669850949
zambia,2018,2.725573367
zimbabwe,1990,4.853225321
zimbabwe,1991,4.813952072
zimbabwe,1992,4.869257644
zimbabwe,1993,4.669254985
zimbabwe,1994,4.853194102
zimbabwe,1995,4.412085217
zimbabwe,1996,4.499893046
zimbabwe,1997,4.227990982
zimbabwe,1998,3.761962033
zimbabwe,1999,3.827090619
zimbabwe,2000,3.168949209
zimbabwe,2001,2.98515083
zimbabwe,2002,3.33465255
zimbabwe,2003,2.758819691
zimbabwe,2004,2.620710796
zimbabwe,2005,2.768328427
zimbabwe,2006,2.856094049
zimbabwe,2007,2.954129971
zimbabwe,2008,2.536212053
zimbabwe,2009,2.201340817
zimbabwe,2010,2.55173401
zimbabwe,2011,2.895170698
zimbabwe,2012,2.89180804
zimbabwe,2013,3.446418052
zimbabwe,2014,3.608284144
zimbabwe,2015,3.632206269
zimbabwe,2016,3.321833522
zimbabwe,2017,3.213370608
zimbabwe,2018,3.497679382
