nation,year,emissions_transfers
albania,1990,0.003196879
albania,1991,-0.075789906
albania,1992,-0.094639577
albania,1993,-0.078271815
albania,1994,-0.109362955
albania,1995,-0.110585884
albania,1996,-0.240151145
albania,1997,-0.168663969
albania,1998,-0.197518489
albania,1999,-0.188985931
albania,2000,-0.218334262
albania,2001,-0.235200235
albania,2002,-0.356537289
albania,2003,-0.321161894
albania,2004,-0.304318551
albania,2005,-0.411588832
albania,2006,-0.425632901
albania,2007,-0.428235325
albania,2008,-0.486507901
albania,2009,-0.524721506
albania,2010,-0.439331976
albania,2011,-0.343651761
albania,2012,-0.354662488
albania,2013,-0.285920021
albania,2014,-0.233080959
albania,2015,-0.303504194
albania,2016,-0.265004826
albania,2017,-0.213319744
albania,2018,-0.225206039
argentina,1990,0.043669328
argentina,1991,-0.788007898
argentina,1992,-1.733854554
argentina,1993,-1.42975544
argentina,1994,-1.257306528
argentina,1995,-0.5121163
argentina,1996,-0.510757857
argentina,1997,-1.622003119
argentina,1998,-2.004970485
argentina,1999,-0.457575528
argentina,2000,0.67357787
argentina,2001,1.382634677
argentina,2002,11.51596559
argentina,2003,7.335937026
argentina,2004,8.391817761
argentina,2005,7.417639494
argentina,2006,6.905602885
argentina,2007,5.229375886
argentina,2008,4.893411776
argentina,2009,5.161762677
argentina,2010,3.32551532
argentina,2011,2.100715032
argentina,2012,0.984398275
argentina,2013,-0.907109655
argentina,2014,-1.013995558
argentina,2015,-2.517513264
argentina,2016,-1.057191126
argentina,2017,-2.013348027
argentina,2018,-0.691702971
armenia,1990,1.681389031
armenia,1991,2.004144209
armenia,1992,0.587155628
armenia,1993,0.201260614
armenia,1994,0.252399121
armenia,1995,0.194136092
armenia,1996,-0.084658122
armenia,1997,-0.185469454
armenia,1998,-0.155727654
armenia,1999,-0.567159539
armenia,2000,-0.142876573
armenia,2001,-0.160107049
armenia,2002,-0.172712663
armenia,2003,-0.21382851
armenia,2004,-0.171154065
armenia,2005,-0.275280044
armenia,2006,-0.25458488
armenia,2007,-0.63188083
armenia,2008,-0.299656701
armenia,2009,-0.399738498
armenia,2010,-0.332199588
armenia,2011,-0.201358483
armenia,2012,-0.154247731
armenia,2013,-0.192861608
armenia,2014,-0.173251308
armenia,2015,-0.180190769
armenia,2016,-0.099443522
armenia,2017,-0.054274096
armenia,2018,-0.019071915
australia,1990,9.103320238
australia,1991,9.266553893
australia,1992,9.912163637
australia,1993,10.76401878
australia,1994,9.789794198
australia,1995,11.33693095
australia,1996,11.49431295
australia,1997,11.67941921
australia,1998,10.31250292
australia,1999,13.08947675
australia,2000,16.42719298
australia,2001,16.82697091
australia,2002,12.34445043
australia,2003,10.54179882
australia,2004,10.58726177
australia,2005,12.34660051
australia,2006,9.573658725
australia,2007,8.019766563
australia,2008,11.01437793
australia,2009,5.300366727
australia,2010,6.082643331
australia,2011,3.614228429
australia,2012,-1.495881576
australia,2013,2.317465815
australia,2014,0.496652295
australia,2015,1.551656162
australia,2016,7.031216787
australia,2017,7.222512596
australia,2018,10.10684057
austria,1990,-7.066530798
austria,1991,-6.55884089
austria,1992,-8.570908003
austria,1993,-7.405100753
austria,1994,-7.243146529
austria,1995,-7.512777929
austria,1996,-8.662438542
austria,1997,-7.234729995
austria,1998,-8.28500096
austria,1999,-8.209252949
austria,2000,-8.311191269
austria,2001,-7.899523554
austria,2002,-7.498538227
austria,2003,-6.354307548
austria,2004,-7.105767423
austria,2005,-7.364607647
austria,2006,-8.558567589
austria,2007,-7.80494323
austria,2008,-7.567122489
austria,2009,-6.914938527
austria,2010,-7.225425308
austria,2011,-8.577964258
austria,2012,-7.860215773
austria,2013,-7.197280247
austria,2014,-7.345402944
austria,2015,-6.971150455
austria,2016,-6.88147376
austria,2017,-6.930568074
austria,2018,-7.212116359
azerbaijan,1990,6.330042445
azerbaijan,1991,7.859141043
azerbaijan,1992,11.53823277
azerbaijan,1993,6.558167351
azerbaijan,1994,6.186130265
azerbaijan,1995,2.713866038
azerbaijan,1996,0.731476899
azerbaijan,1997,1.092888547
azerbaijan,1998,0.406440833
azerbaijan,1999,0.501932051
azerbaijan,2000,1.04490511
azerbaijan,2001,0.745753317
azerbaijan,2002,0.024120507
azerbaijan,2003,-0.791166635
azerbaijan,2004,-1.086648037
azerbaijan,2005,-0.073174927
azerbaijan,2006,-0.17415197
azerbaijan,2007,-0.200522172
azerbaijan,2008,0.09317634
azerbaijan,2009,0.099649118
azerbaijan,2010,0.144132765
azerbaijan,2011,0.123136522
azerbaijan,2012,-0.154253151
azerbaijan,2013,-0.528401063
azerbaijan,2014,-0.703695159
azerbaijan,2015,-0.95522559
azerbaijan,2016,-0.562149068
azerbaijan,2017,-0.677577463
azerbaijan,2018,-0.533369211
bahrain,1990,0.23993539
bahrain,1991,0.000916961
bahrain,1992,-0.126446393
bahrain,1993,0.182947049
bahrain,1994,0.105509089
bahrain,1995,0.150797259
bahrain,1996,0.272420111
bahrain,1997,0.811342638
bahrain,1998,0.606267622
bahrain,1999,2.242271791
bahrain,2000,1.687692031
bahrain,2001,0.801309048
bahrain,2002,1.016405545
bahrain,2003,1.499399521
bahrain,2004,1.865776286
bahrain,2005,1.892928069
bahrain,2006,2.285692346
bahrain,2007,3.267632579
bahrain,2008,3.542368831
bahrain,2009,2.640426014
bahrain,2010,2.648812213
bahrain,2011,3.891707971
bahrain,2012,4.038952097
bahrain,2013,4.836048477
bahrain,2014,4.506242651
bahrain,2015,4.197617423
bahrain,2016,3.613899135
bahrain,2017,3.849056169
bahrain,2018,3.808316718
bangladesh,1990,-1.104258959
bangladesh,1991,-1.221541177
bangladesh,1992,-1.409789827
bangladesh,1993,-1.31203882
bangladesh,1994,-1.493946372
bangladesh,1995,-1.399881646
bangladesh,1996,-1.527192391
bangladesh,1997,-1.587449752
bangladesh,1998,-1.546111961
bangladesh,1999,-1.335915179
bangladesh,2000,-1.715772123
bangladesh,2001,-2.568095642
bangladesh,2002,-1.523191741
bangladesh,2003,-3.45751964
bangladesh,2004,-3.199991806
bangladesh,2005,-3.077593321
bangladesh,2006,-2.863821195
bangladesh,2007,-3.631941816
bangladesh,2008,-3.212332444
bangladesh,2009,-3.510699063
bangladesh,2010,-4.459339312
bangladesh,2011,-5.037431088
bangladesh,2012,-4.735574004
bangladesh,2013,-6.258410251
bangladesh,2014,-6.192433359
bangladesh,2015,-5.745689834
bangladesh,2016,-5.517631039
bangladesh,2017,-5.73329667
bangladesh,2018,-6.091073578
belarus,1990,11.94212928
belarus,1991,9.152711457
belarus,1992,12.15474993
belarus,1993,10.6887937
belarus,1994,9.175206659
belarus,1995,6.490106397
belarus,1996,3.08411127
belarus,1997,3.864165632
belarus,1998,-3.62125518
belarus,1999,-3.186537912
belarus,2000,-2.86612569
belarus,2001,-1.741748631
belarus,2002,-2.429492413
belarus,2003,-1.425922455
belarus,2004,-1.099746004
belarus,2005,0.286592369
belarus,2006,-0.919618668
belarus,2007,-1.940380584
belarus,2008,-3.040379074
belarus,2009,1.897365123
belarus,2010,0.666772496
belarus,2011,3.117522838
belarus,2012,-0.1569716
belarus,2013,-0.722120995
belarus,2014,-1.130126662
belarus,2015,-1.317780005
belarus,2016,-0.311670324
belarus,2017,-0.189506726
belarus,2018,-0.790198228
belgium,1990,-9.704013327
belgium,1991,-9.267919833
belgium,1992,-13.52491183
belgium,1993,-11.17886112
belgium,1994,-10.07496207
belgium,1995,-10.94078181
belgium,1996,-9.636868755
belgium,1997,-12.51155711
belgium,1998,-13.79728761
belgium,1999,-16.47582366
belgium,2000,-16.96742457
belgium,2001,-16.60025751
belgium,2002,-19.47608826
belgium,2003,-18.5557809
belgium,2004,-24.35724091
belgium,2005,-24.13219406
belgium,2006,-27.17648162
belgium,2007,-28.86122944
belgium,2008,-24.31758886
belgium,2009,-19.07861672
belgium,2010,-21.23235209
belgium,2011,-27.13793176
belgium,2012,-22.33591365
belgium,2013,-21.64367155
belgium,2014,-21.94097476
belgium,2015,-20.46869051
belgium,2016,-19.28695228
belgium,2017,-19.82191208
belgium,2018,-21.02321173
benin,1990,-0.085636791
benin,1991,-0.087349538
benin,1992,-0.086347068
benin,1993,-0.079903898
benin,1994,-0.097358554
benin,1995,-0.110324686
benin,1996,-0.137736449
benin,1997,-0.187247451
benin,1998,-0.237484424
benin,1999,-0.151886327
benin,2000,-0.266706247
benin,2001,-0.289060107
benin,2002,-0.322129309
benin,2003,-0.40118281
benin,2004,-0.293948661
benin,2005,-0.622519235
benin,2006,-0.719833689
benin,2007,-0.610325043
benin,2008,-0.845384416
benin,2009,-0.667471036
benin,2010,-0.645363541
benin,2011,-1.099192514
benin,2012,-0.764165627
benin,2013,-0.813355188
benin,2014,-0.63076773
benin,2015,-0.572198799
benin,2016,-0.55447436
benin,2017,-0.442509534
benin,2018,-0.384822951
botswana,1990,0
botswana,1991,0
botswana,1992,0
botswana,1993,0
botswana,1994,0
botswana,1995,0
botswana,1996,0
botswana,1997,0
botswana,1998,0
botswana,1999,0
botswana,2000,-1.065893768
botswana,2001,-0.855138717
botswana,2002,0.204063891
botswana,2003,-2.296980223
botswana,2004,-1.40881246
botswana,2005,-0.939439876
botswana,2006,-0.935252322
botswana,2007,-1.513455086
botswana,2008,-2.034824599
botswana,2009,-0.390287631
botswana,2010,-0.611341804
botswana,2011,-0.266272456
botswana,2012,-0.230242476
botswana,2013,-2.847031594
botswana,2014,-2.927294805
botswana,2015,-2.899117177
botswana,2016,-2.904579091
botswana,2017,-2.929215575
botswana,2018,-3.043908159
brazil,1990,-7.536803192
brazil,1991,-6.436774016
brazil,1992,-5.959372224
brazil,1993,-5.436619404
brazil,1994,-6.188455909
brazil,1995,-8.096417347
brazil,1996,-8.954402744
brazil,1997,-9.759464217
brazil,1998,-8.753560619
brazil,1999,-1.852742009
brazil,2000,-3.432846652
brazil,2001,0.113852962
brazil,2002,3.130943797
brazil,2003,3.619100684
brazil,2004,4.680013649
brazil,2005,2.091117316
brazil,2006,-0.506390755
brazil,2007,-3.581388027
brazil,2008,-9.738469309
brazil,2009,-5.838353903
brazil,2010,-13.16649483
brazil,2011,-14.97964636
brazil,2012,-13.5497405
brazil,2013,-12.68976023
brazil,2014,-12.36677924
brazil,2015,-6.911237922
brazil,2016,-6.673195577
brazil,2017,-7.211254659
brazil,2018,-6.064796224
brunei_darussalam,1990,0.471985142
brunei_darussalam,1991,0.341952792
brunei_darussalam,1992,0.230922918
brunei_darussalam,1993,0.084907329
brunei_darussalam,1994,-0.051205077
brunei_darussalam,1995,0.006813103
brunei_darussalam,1996,-0.214774522
brunei_darussalam,1997,0.314764723
brunei_darussalam,1998,-0.014081919
brunei_darussalam,1999,0.191849321
brunei_darussalam,2000,0.402302128
brunei_darussalam,2001,0.369289364
brunei_darussalam,2002,0.321140799
brunei_darussalam,2003,-0.003018592
brunei_darussalam,2004,0.175389168
brunei_darussalam,2005,0.186205773
brunei_darussalam,2006,0.058399147
brunei_darussalam,2007,0.414676359
brunei_darussalam,2008,0.558007269
brunei_darussalam,2009,0.361447607
brunei_darussalam,2010,0.425905126
brunei_darussalam,2011,0.504496681
brunei_darussalam,2012,0.323251778
brunei_darussalam,2013,-0.21846769
brunei_darussalam,2014,-0.035455038
brunei_darussalam,2015,-0.33159784
brunei_darussalam,2016,-0.239726101
brunei_darussalam,2017,-0.121820153
brunei_darussalam,2018,-0.102425816
bulgaria,1990,4.227456313
bulgaria,1991,4.57752101
bulgaria,1992,4.119496501
bulgaria,1993,3.484005053
bulgaria,1994,4.021270772
bulgaria,1995,3.104254174
bulgaria,1996,2.689233441
bulgaria,1997,2.622230639
bulgaria,1998,2.061933583
bulgaria,1999,1.418837799
bulgaria,2000,0.231796079
bulgaria,2001,0.875941626
bulgaria,2002,0.775400578
bulgaria,2003,1.134234638
bulgaria,2004,1.090982967
bulgaria,2005,0.891539064
bulgaria,2006,0.326840152
bulgaria,2007,0.931897388
bulgaria,2008,0.22635532
bulgaria,2009,0.477730483
bulgaria,2010,1.368765994
bulgaria,2011,2.075481152
bulgaria,2012,1.292481368
bulgaria,2013,1.296450675
bulgaria,2014,1.570974431
bulgaria,2015,1.957098319
bulgaria,2016,1.846647905
bulgaria,2017,2.092353803
bulgaria,2018,1.202424587
burkina_faso,1990,-0.06265696
burkina_faso,1991,-0.062641065
burkina_faso,1992,-0.065659064
burkina_faso,1993,-0.067187492
burkina_faso,1994,-0.069312578
burkina_faso,1995,-0.081732931
burkina_faso,1996,-0.074332281
burkina_faso,1997,-0.085913837
burkina_faso,1998,-0.225040631
burkina_faso,1999,-0.295341994
burkina_faso,2000,-0.122075193
burkina_faso,2001,-0.18059932
burkina_faso,2002,-0.185230748
burkina_faso,2003,-0.228832444
burkina_faso,2004,-0.33178476
burkina_faso,2005,-0.136507185
burkina_faso,2006,-0.1221659
burkina_faso,2007,-0.166710096
burkina_faso,2008,-0.196663884
burkina_faso,2009,-0.259050153
burkina_faso,2010,-0.220534964
burkina_faso,2011,-0.160932536
burkina_faso,2012,-0.101805361
burkina_faso,2013,-0.339337024
burkina_faso,2014,-0.3458856
burkina_faso,2015,-0.323142969
burkina_faso,2016,-0.332563634
burkina_faso,2017,-0.32527874
burkina_faso,2018,-0.339681147
cambodia,1990,-0.166153556
cambodia,1991,-0.176262655
cambodia,1992,-0.18999652
cambodia,1993,-0.169612323
cambodia,1994,-0.180790841
cambodia,1995,-0.148500522
cambodia,1996,-0.204622598
cambodia,1997,-0.208559526
cambodia,1998,-0.247010847
cambodia,1999,-0.220156629
cambodia,2000,-0.21968393
cambodia,2001,-0.300601067
cambodia,2002,-0.105616116
cambodia,2003,-0.628654224
cambodia,2004,-0.654936308
cambodia,2005,-0.888891464
cambodia,2006,-1.00918148
cambodia,2007,-1.050551431
cambodia,2008,-1.143395601
cambodia,2009,-0.977790018
cambodia,2010,-1.321925586
cambodia,2011,-1.563705385
cambodia,2012,-1.453158204
cambodia,2013,-1.944422271
cambodia,2014,-1.895733347
cambodia,2015,-1.716057835
cambodia,2016,-1.519777104
cambodia,2017,-1.448960705
cambodia,2018,-1.161735305
canada,1990,-7.374651118
canada,1991,-9.473284449
canada,1992,-9.265409006
canada,1993,-5.741949623
canada,1994,-3.244544405
canada,1995,-2.092769193
canada,1996,-0.371312987
canada,1997,-5.253845767
canada,1998,-4.104500833
canada,1999,0.547416932
canada,2000,1.202021354
canada,2001,4.823994535
canada,2002,0.19727874
canada,2003,10.58342824
canada,2004,5.590536778
canada,2005,-0.064347286
canada,2006,1.319017997
canada,2007,-1.326505239
canada,2008,-1.675462039
canada,2009,-4.421723962
canada,2010,-10.78741798
canada,2011,0.882920166
canada,2012,-9.245258783
canada,2013,-8.714847047
canada,2014,-6.567723756
canada,2015,-1.456031969
canada,2016,-0.123952547
canada,2017,-0.697067818
canada,2018,-0.519022459
chile,1990,0.19376838
chile,1991,0.000118388
chile,1992,-0.336001357
chile,1993,-0.406011785
chile,1994,-0.109182783
chile,1995,-0.017228989
chile,1996,-0.174879756
chile,1997,0.216048016
chile,1998,0.180620565
chile,1999,0.212887646
chile,2000,-0.518915804
chile,2001,-0.553045786
chile,2002,-1.323785312
chile,2003,-0.173591882
chile,2004,0.236535661
chile,2005,-0.474998434
chile,2006,-0.568109221
chile,2007,0.142247698
chile,2008,-1.997630562
chile,2009,0.20365874
chile,2010,-0.73712863
chile,2011,-1.345683152
chile,2012,-2.802841533
chile,2013,-2.605532183
chile,2014,-2.660291041
chile,2015,-2.287992769
chile,2016,-1.823657316
chile,2017,-1.908833482
chile,2018,-2.076170217
china_mainland,1990,42.8732154
china_mainland,1991,53.97789555
china_mainland,1992,39.5937379
china_mainland,1993,42.46749746
china_mainland,1994,92.69628092
china_mainland,1995,96.60380956
china_mainland,1996,100.7029626
china_mainland,1997,120.431098
china_mainland,1998,106.535188
china_mainland,1999,93.90422348
china_mainland,2000,104.4915624
china_mainland,2001,85.9356837
china_mainland,2002,118.1516175
china_mainland,2003,189.906246
china_mainland,2004,239.8122304
china_mainland,2005,300.0249719
china_mainland,2006,385.2173241
china_mainland,2007,400.424815
china_mainland,2008,405.8829191
china_mainland,2009,309.7460811
china_mainland,2010,354.3477536
china_mainland,2011,391.5568792
china_mainland,2012,376.5994286
china_mainland,2013,362.9092807
china_mainland,2014,356.4387228
china_mainland,2015,320.9308925
china_mainland,2016,272.1008608
china_mainland,2017,280.0578899
china_mainland,2018,271.9997191
colombia,1990,-1.733836888
colombia,1991,-1.2818117
colombia,1992,-1.755814098
colombia,1993,-1.790832648
colombia,1994,-1.871662052
colombia,1995,-2.307069144
colombia,1996,-2.08621538
colombia,1997,-2.253894898
colombia,1998,-2.09646405
colombia,1999,-0.908107198
colombia,2000,-0.737264264
colombia,2001,-0.847407867
colombia,2002,-2.09199202
colombia,2003,-0.667980003
colombia,2004,-0.914020567
colombia,2005,-1.377684065
colombia,2006,-2.086901284
colombia,2007,-2.835184551
colombia,2008,-2.740058518
colombia,2009,-1.344173082
colombia,2010,-2.143152496
colombia,2011,-2.65218291
colombia,2012,-3.330102379
colombia,2013,-3.186351729
colombia,2014,-3.438311975
colombia,2015,-3.339288211
colombia,2016,-2.511569543
colombia,2017,-2.912853255
colombia,2018,-2.896012311
costa_rica,1990,-0.605033649
costa_rica,1991,-0.522477775
costa_rica,1992,-0.534241195
costa_rica,1993,-0.501407498
costa_rica,1994,-0.453008851
costa_rica,1995,-0.518512818
costa_rica,1996,-0.507078763
costa_rica,1997,-0.596595258
costa_rica,1998,-0.812039712
costa_rica,1999,-1.478438812
costa_rica,2000,-1.175762545
costa_rica,2001,-1.269591954
costa_rica,2002,-2.487522853
costa_rica,2003,-1.364768335
costa_rica,2004,-1.436748356
costa_rica,2005,-1.76603896
costa_rica,2006,-1.216375971
costa_rica,2007,-1.384613504
costa_rica,2008,-1.459603903
costa_rica,2009,-0.984007141
costa_rica,2010,-1.332010543
costa_rica,2011,-1.704791287
costa_rica,2012,-1.824117989
costa_rica,2013,-1.555214446
costa_rica,2014,-1.512607952
costa_rica,2015,-1.401269636
costa_rica,2016,-1.257625755
costa_rica,2017,-1.260410847
costa_rica,2018,-1.295688259
cote_d_ivoire,1990,-0.315286741
cote_d_ivoire,1991,-0.339904395
cote_d_ivoire,1992,-0.539094401
cote_d_ivoire,1993,-0.401041874
cote_d_ivoire,1994,-0.323269521
cote_d_ivoire,1995,-0.264028993
cote_d_ivoire,1996,0.183466003
cote_d_ivoire,1997,0.154485978
cote_d_ivoire,1998,-0.509131922
cote_d_ivoire,1999,-0.082190497
cote_d_ivoire,2000,0.228959176
cote_d_ivoire,2001,0.288590194
cote_d_ivoire,2002,0.504819568
cote_d_ivoire,2003,-0.476333892
cote_d_ivoire,2004,-0.034533886
cote_d_ivoire,2005,-0.218789987
cote_d_ivoire,2006,-0.397104265
cote_d_ivoire,2007,-0.330175934
cote_d_ivoire,2008,-0.519831508
cote_d_ivoire,2009,-0.557118919
cote_d_ivoire,2010,-0.529938377
cote_d_ivoire,2011,-0.454425229
cote_d_ivoire,2012,-0.436402107
cote_d_ivoire,2013,-1.380659658
cote_d_ivoire,2014,-1.398007723
cote_d_ivoire,2015,-1.211129823
cote_d_ivoire,2016,-1.003454301
cote_d_ivoire,2017,-1.069412085
cote_d_ivoire,2018,-1.244189438
croatia,1990,0.557999143
croatia,1991,0.388451367
croatia,1992,-0.441486526
croatia,1993,-0.328389363
croatia,1994,-0.393260563
croatia,1995,-0.62939251
croatia,1996,-0.682233915
croatia,1997,-0.704556154
croatia,1998,-0.47876282
croatia,1999,-0.536858686
croatia,2000,-0.523705055
croatia,2001,-0.941438401
croatia,2002,-1.032846289
croatia,2003,-1.176593206
croatia,2004,-1.17402873
croatia,2005,-1.437235926
croatia,2006,-2.338795043
croatia,2007,-1.761327589
croatia,2008,-1.978889849
croatia,2009,-1.329799376
croatia,2010,-1.124930452
croatia,2011,-1.829812295
croatia,2012,-0.988469634
croatia,2013,-0.984072452
croatia,2014,-0.851167698
croatia,2015,-0.797964323
croatia,2016,-0.775943999
croatia,2017,-0.764696052
croatia,2018,-0.955773932
cyprus,1990,-0.544590405
cyprus,1991,-0.445457736
cyprus,1992,-0.713710197
cyprus,1993,-0.457000425
cyprus,1994,-0.400811423
cyprus,1995,-0.491162307
cyprus,1996,-0.771316742
cyprus,1997,-0.521431103
cyprus,1998,-0.868771149
cyprus,1999,-0.367680637
cyprus,2000,-0.740089829
cyprus,2001,-0.686796621
cyprus,2002,-1.154504231
cyprus,2003,-0.675790886
cyprus,2004,-0.366877054
cyprus,2005,-0.451480032
cyprus,2006,-0.332894053
cyprus,2007,-0.614377432
cyprus,2008,-0.964959171
cyprus,2009,-1.264457783
cyprus,2010,-1.433450226
cyprus,2011,-1.085764416
cyprus,2012,-0.656638369
cyprus,2013,-0.35193065
cyprus,2014,-0.2390509
cyprus,2015,-0.144843788
cyprus,2016,0.001426353
cyprus,2017,-0.038177614
cyprus,2018,-0.122680458
denmark,1990,-2.198411541
denmark,1991,-0.313886259
denmark,1992,-2.823556715
denmark,1993,-1.607304202
denmark,1994,-0.989492765
denmark,1995,-1.656240447
denmark,1996,0.565703008
denmark,1997,-0.513980807
denmark,1998,-1.159622483
denmark,1999,-2.935853832
denmark,2000,-2.988044748
denmark,2001,-2.549145429
denmark,2002,-2.904172862
denmark,2003,-1.971316809
denmark,2004,-3.840708482
denmark,2005,-4.200522748
denmark,2006,-3.728746335
denmark,2007,-4.062314945
denmark,2008,-4.296500879
denmark,2009,-3.553798499
denmark,2010,-3.621796048
denmark,2011,-4.551469911
denmark,2012,-4.177754786
denmark,2013,-3.748940716
denmark,2014,-4.155761635
denmark,2015,-4.200664165
denmark,2016,-3.813451738
denmark,2017,-4.289421385
denmark,2018,-4.575710789
dominican_republic,1990,-0.090975668
dominican_republic,1991,-0.066020283
dominican_republic,1992,-0.079926332
dominican_republic,1993,-0.02417962
dominican_republic,1994,-0.036523774
dominican_republic,1995,0.106836286
dominican_republic,1996,0.09254981
dominican_republic,1997,-0.058563678
dominican_republic,1998,-0.420072365
dominican_republic,1999,-0.689910278
dominican_republic,2000,-1.097188748
dominican_republic,2001,-1.056752671
dominican_republic,2002,-0.328808323
dominican_republic,2003,0.199811833
dominican_republic,2004,0.025959357
dominican_republic,2005,-0.724804107
dominican_republic,2006,-0.563976536
dominican_republic,2007,-1.081646261
dominican_republic,2008,-1.400278504
dominican_republic,2009,-0.97458264
dominican_republic,2010,-1.097510855
dominican_republic,2011,-1.071931098
dominican_republic,2012,-1.362152327
dominican_republic,2013,-1.170323611
dominican_republic,2014,-0.985029149
dominican_republic,2015,-0.599281927
dominican_republic,2016,-0.323036958
dominican_republic,2017,-0.378900948
dominican_republic,2018,-0.330528703
ecuador,1990,-0.147107607
ecuador,1991,-0.080031468
ecuador,1992,0.313302187
ecuador,1993,0.16338153
ecuador,1994,-0.42958191
ecuador,1995,0.007755934
ecuador,1996,0.211983908
ecuador,1997,-0.319703551
ecuador,1998,-0.616318269
ecuador,1999,-0.10443379
ecuador,2000,-0.081763081
ecuador,2001,-0.70890297
ecuador,2002,-1.358613808
ecuador,2003,-0.856147746
ecuador,2004,-0.750887065
ecuador,2005,-0.854372893
ecuador,2006,-1.256442732
ecuador,2007,-1.224028757
ecuador,2008,-1.462270113
ecuador,2009,-1.350938097
ecuador,2010,-2.023558671
ecuador,2011,-2.035610098
ecuador,2012,-2.331447814
ecuador,2013,-2.182619978
ecuador,2014,-1.980240548
ecuador,2015,-2.14568817
ecuador,2016,-2.096786858
ecuador,2017,-2.110839809
ecuador,2018,-2.027187745
egypt,1990,-1.777081264
egypt,1991,-0.262611157
egypt,1992,-2.03592816
egypt,1993,-0.498702364
egypt,1994,-1.257876297
egypt,1995,-1.024943294
egypt,1996,-1.654607202
egypt,1997,-1.024439272
egypt,1998,-1.846465568
egypt,1999,-2.176439515
egypt,2000,0.620375433
egypt,2001,0.88319926
egypt,2002,0.812945861
egypt,2003,2.117035841
egypt,2004,5.138306229
egypt,2005,3.383172569
egypt,2006,4.751838398
egypt,2007,4.335798077
egypt,2008,3.294589549
egypt,2009,1.382098728
egypt,2010,-0.465495566
egypt,2011,0.209842739
egypt,2012,-3.225295604
egypt,2013,-1.980359753
egypt,2014,-2.712205264
egypt,2015,-2.664054498
egypt,2016,-3.30859587
egypt,2017,-0.366776969
egypt,2018,1.031073552
el_salvador,1990,-0.421769995
el_salvador,1991,-0.39741669
el_salvador,1992,-0.439953093
el_salvador,1993,-0.378501982
el_salvador,1994,-0.398657713
el_salvador,1995,-0.421084582
el_salvador,1996,-0.45087421
el_salvador,1997,-0.492622543
el_salvador,1998,-0.66136699
el_salvador,1999,-0.633105723
el_salvador,2000,-0.698266129
el_salvador,2001,-0.826526019
el_salvador,2002,-0.832922278
el_salvador,2003,-0.807484351
el_salvador,2004,-0.76241455
el_salvador,2005,-0.717052348
el_salvador,2006,-0.707342438
el_salvador,2007,-0.708978414
el_salvador,2008,-0.802705488
el_salvador,2009,-0.510274557
el_salvador,2010,-0.581457429
el_salvador,2011,-0.718951678
el_salvador,2012,-0.623529931
el_salvador,2013,-0.690540406
el_salvador,2014,-0.658324097
el_salvador,2015,-0.525193868
el_salvador,2016,-0.495941692
el_salvador,2017,-0.549772865
el_salvador,2018,-0.572902037
estonia,1990,1.551909452
estonia,1991,1.079530036
estonia,1992,0.161032394
estonia,1993,0.399138228
estonia,1994,0.942772267
estonia,1995,0.69052246
estonia,1996,0.598807911
estonia,1997,0.727451399
estonia,1998,-0.124985613
estonia,1999,-1.142202135
estonia,2000,-0.859938156
estonia,2001,-0.623863942
estonia,2002,-1.069956001
estonia,2003,-0.984431018
estonia,2004,-0.298947318
estonia,2005,-0.513853252
estonia,2006,-0.998402886
estonia,2007,-0.329630493
estonia,2008,-0.012476465
estonia,2009,-0.165479594
estonia,2010,0.343830559
estonia,2011,-0.139461059
estonia,2012,-0.162080174
estonia,2013,0.338660888
estonia,2014,0.214956987
estonia,2015,-0.199737943
estonia,2016,0.06488855
estonia,2017,0.133064913
estonia,2018,-0.152445545
ethiopia,1990,-0.24800026
ethiopia,1991,-0.271014656
ethiopia,1992,-0.297013919
ethiopia,1993,-0.287740689
ethiopia,1994,-0.310210642
ethiopia,1995,-0.317382557
ethiopia,1996,-0.325975404
ethiopia,1997,-0.387939502
ethiopia,1998,-0.551380623
ethiopia,1999,-0.550115448
ethiopia,2000,-0.418268494
ethiopia,2001,-0.442385156
ethiopia,2002,-0.406414175
ethiopia,2003,-0.51558786
ethiopia,2004,-0.487100012
ethiopia,2005,-0.764631389
ethiopia,2006,-0.885933232
ethiopia,2007,-0.725512265
ethiopia,2008,-0.981590769
ethiopia,2009,-1.295719913
ethiopia,2010,-0.963363285
ethiopia,2011,-0.793200415
ethiopia,2012,-1.549502482
ethiopia,2013,-1.625974741
ethiopia,2014,-1.53826923
ethiopia,2015,-1.454572738
ethiopia,2016,-1.408248387
ethiopia,2017,-1.441118856
ethiopia,2018,-1.465905686
finland,1990,-6.353092962
finland,1991,-5.16140495
finland,1992,-13.12001697
finland,1993,-7.631065986
finland,1994,-4.378031372
finland,1995,-4.528825487
finland,1996,-2.807658833
finland,1997,-2.867381856
finland,1998,-3.278145211
finland,1999,-4.097724001
finland,2000,-4.754972026
finland,2001,-4.172691507
finland,2002,-3.272631994
finland,2003,-3.871397172
finland,2004,-5.696450387
finland,2005,-6.643274609
finland,2006,-6.96728042
finland,2007,-7.38598496
finland,2008,-7.276751115
finland,2009,-4.438207066
finland,2010,-5.173803239
finland,2011,-5.226554303
finland,2012,-5.756560036
finland,2013,-4.843787666
finland,2014,-5.440088273
finland,2015,-5.728705071
finland,2016,-4.985172036
finland,2017,-5.22751159
finland,2018,-5.928355734
france_including_monaco,1990,-26.50189517
france_including_monaco,1991,-22.95045946
france_including_monaco,1992,-36.11166206
france_including_monaco,1993,-30.5979971
france_including_monaco,1994,-29.08323378
france_including_monaco,1995,-30.20935157
france_including_monaco,1996,-27.08826434
france_including_monaco,1997,-25.20046334
france_including_monaco,1998,-25.83406991
france_including_monaco,1999,-26.77637813
france_including_monaco,2000,-30.62657468
france_including_monaco,2001,-28.42382962
france_including_monaco,2002,-29.86279612
france_including_monaco,2003,-28.57042027
france_including_monaco,2004,-35.32566882
france_including_monaco,2005,-33.61670252
france_including_monaco,2006,-33.4427107
france_including_monaco,2007,-41.18650951
france_including_monaco,2008,-40.28547604
france_including_monaco,2009,-35.65892199
france_including_monaco,2010,-34.56246862
france_including_monaco,2011,-47.17703429
france_including_monaco,2012,-31.85613472
france_including_monaco,2013,-29.21797951
france_including_monaco,2014,-30.73466337
france_including_monaco,2015,-27.77553361
france_including_monaco,2016,-25.97765307
france_including_monaco,2017,-27.6954763
france_including_monaco,2018,-30.11693516
georgia,1990,2.886950793
georgia,1991,1.682208338
georgia,1992,1.583117976
georgia,1993,0.503251104
georgia,1994,0.314868345
georgia,1995,0.009487262
georgia,1996,-1.135160504
georgia,1997,-0.699163383
georgia,1998,-0.713427612
georgia,1999,-0.463035867
georgia,2000,-0.294118953
georgia,2001,-0.455727832
georgia,2002,-0.445153518
georgia,2003,-0.548457193
georgia,2004,-0.666701131
georgia,2005,-0.730400107
georgia,2006,-0.780676208
georgia,2007,-0.872414359
georgia,2008,-1.044839469
georgia,2009,-0.424208405
georgia,2010,-0.541071449
georgia,2011,-0.40850356
georgia,2012,-0.633044664
georgia,2013,-0.700553151
georgia,2014,-0.664853069
georgia,2015,-0.47856224
georgia,2016,-0.414237187
georgia,2017,-0.361114181
georgia,2018,-0.387063141
germany,1990,-37.84155939
germany,1991,-34.46082314
germany,1992,-63.49498507
germany,1993,-53.95592584
germany,1994,-51.37922607
germany,1995,-53.58475151
germany,1996,-43.30685404
germany,1997,-39.03963608
germany,1998,-42.54789732
germany,1999,-52.38526002
germany,2000,-52.64538809
germany,2001,-46.63132191
germany,2002,-43.0814288
germany,2003,-44.52950751
germany,2004,-49.64893918
germany,2005,-49.65205752
germany,2006,-54.26360416
germany,2007,-46.06479421
germany,2008,-42.52059009
germany,2009,-38.17095541
germany,2010,-39.22485851
germany,2011,-45.48948887
germany,2012,-29.09825897
germany,2013,-24.47447067
germany,2014,-26.17994663
germany,2015,-21.83994353
germany,2016,-19.72073125
germany,2017,-23.00172837
germany,2018,-28.99300906
ghana,1990,-0.284598629
ghana,1991,-0.289503547
ghana,1992,-0.306387224
ghana,1993,-0.299627086
ghana,1994,-0.306294879
ghana,1995,-0.328488257
ghana,1996,-0.55769638
ghana,1997,-0.722155946
ghana,1998,-0.670514612
ghana,1999,-0.810994923
ghana,2000,-0.771133721
ghana,2001,-0.765531527
ghana,2002,-0.68679612
ghana,2003,-0.923836276
ghana,2004,-1.295724583
ghana,2005,-1.493002919
ghana,2006,-1.297450888
ghana,2007,-1.480895779
ghana,2008,-1.65009949
ghana,2009,-1.460181553
ghana,2010,-1.363481748
ghana,2011,-1.922094631
ghana,2012,-2.189441197
ghana,2013,-1.863231894
ghana,2014,-1.696386737
ghana,2015,-1.211175556
ghana,2016,-1.032753547
ghana,2017,-1.24873721
ghana,2018,-1.245980759
greece,1990,-3.495508624
greece,1991,-3.227553677
greece,1992,-5.163896273
greece,1993,-3.981400267
greece,1994,-3.40834101
greece,1995,-3.61232416
greece,1996,-2.56810557
greece,1997,-1.734616254
greece,1998,-2.481252068
greece,1999,-1.542101098
greece,2000,-1.62456446
greece,2001,-1.180672052
greece,2002,-1.983431726
greece,2003,3.054139729
greece,2004,3.779647842
greece,2005,4.631656629
greece,2006,3.095255491
greece,2007,4.353075016
greece,2008,3.162811997
greece,2009,-1.842250376
greece,2010,0.002149243
greece,2011,2.175573737
greece,2012,2.96389315
greece,2013,3.303496639
greece,2014,3.517203837
greece,2015,3.111457942
greece,2016,2.495394793
greece,2017,3.246166986
greece,2018,3.202646244
guatemala,1990,-0.45503996
guatemala,1991,-0.467446349
guatemala,1992,-0.551455384
guatemala,1993,-0.50812925
guatemala,1994,-0.468309621
guatemala,1995,-0.517684237
guatemala,1996,-0.553018196
guatemala,1997,-0.68919234
guatemala,1998,-0.881172895
guatemala,1999,-0.883741679
guatemala,2000,-0.825206649
guatemala,2001,-0.963164671
guatemala,2002,-1.336964029
guatemala,2003,-0.884492101
guatemala,2004,-0.878646942
guatemala,2005,-1.082055342
guatemala,2006,-1.209532806
guatemala,2007,-1.219464865
guatemala,2008,-1.391308248
guatemala,2009,-1.037490632
guatemala,2010,-1.277935875
guatemala,2011,-1.646063957
guatemala,2012,-1.710672659
guatemala,2013,-1.625513237
guatemala,2014,-1.552291002
guatemala,2015,-1.367129366
guatemala,2016,-1.274040728
guatemala,2017,-1.292862416
guatemala,2018,-1.289474726
guinea,1990,0
guinea,1991,0
guinea,1992,0
guinea,1993,0
guinea,1994,0
guinea,1995,0
guinea,1996,0
guinea,1997,0
guinea,1998,0
guinea,1999,0
guinea,2000,0
guinea,2001,0
guinea,2002,0
guinea,2003,0
guinea,2004,0
guinea,2005,0
guinea,2006,0
guinea,2007,0
guinea,2008,0
guinea,2009,0
guinea,2010,0
guinea,2011,0
guinea,2012,0
guinea,2013,0
guinea,2014,0
guinea,2015,0
guinea,2016,0
guinea,2017,0
guinea,2018,0
honduras,1990,-0.220421318
honduras,1991,-0.23279699
honduras,1992,-0.273622366
honduras,1993,-0.235848806
honduras,1994,-0.203730762
honduras,1995,-0.156274252
honduras,1996,-0.235676185
honduras,1997,-0.374301789
honduras,1998,-0.383263508
honduras,1999,-0.581028005
honduras,2000,-0.731172551
honduras,2001,-0.735980325
honduras,2002,-1.012415071
honduras,2003,-0.683061998
honduras,2004,-0.520655325
honduras,2005,-0.6467387
honduras,2006,-0.645921241
honduras,2007,-0.62464146
honduras,2008,-0.626424096
honduras,2009,-0.51731814
honduras,2010,-0.627706222
honduras,2011,-0.435142379
honduras,2012,-0.832108899
honduras,2013,-0.686070401
honduras,2014,-0.681244441
honduras,2015,-0.566924678
honduras,2016,-0.564040898
honduras,2017,-0.54635477
honduras,2018,-0.587906974
hong_kong_special_adminstrative_region_of_china,1990,-16.20788661
hong_kong_special_adminstrative_region_of_china,1991,-17.47604233
hong_kong_special_adminstrative_region_of_china,1992,-18.41669764
hong_kong_special_adminstrative_region_of_china,1993,-16.84488377
hong_kong_special_adminstrative_region_of_china,1994,-24.86799738
hong_kong_special_adminstrative_region_of_china,1995,-26.33559509
hong_kong_special_adminstrative_region_of_china,1996,-26.0496692
hong_kong_special_adminstrative_region_of_china,1997,-29.80054317
hong_kong_special_adminstrative_region_of_china,1998,-21.44058992
hong_kong_special_adminstrative_region_of_china,1999,-16.88099771
hong_kong_special_adminstrative_region_of_china,2000,-19.08462334
hong_kong_special_adminstrative_region_of_china,2001,-21.07703397
hong_kong_special_adminstrative_region_of_china,2002,-17.18311007
hong_kong_special_adminstrative_region_of_china,2003,-14.43263075
hong_kong_special_adminstrative_region_of_china,2004,-12.29935814
hong_kong_special_adminstrative_region_of_china,2005,-14.3068811
hong_kong_special_adminstrative_region_of_china,2006,-16.01178009
hong_kong_special_adminstrative_region_of_china,2007,-11.48411814
hong_kong_special_adminstrative_region_of_china,2008,-13.86919831
hong_kong_special_adminstrative_region_of_china,2009,-11.58538286
hong_kong_special_adminstrative_region_of_china,2010,-13.66603417
hong_kong_special_adminstrative_region_of_china,2011,-10.26803156
hong_kong_special_adminstrative_region_of_china,2012,-18.64406032
hong_kong_special_adminstrative_region_of_china,2013,-19.7529693
hong_kong_special_adminstrative_region_of_china,2014,-19.43884492
hong_kong_special_adminstrative_region_of_china,2015,-18.3641094
hong_kong_special_adminstrative_region_of_china,2016,-16.43363319
hong_kong_special_adminstrative_region_of_china,2017,-17.38601547
hong_kong_special_adminstrative_region_of_china,2018,-17.94284461
hungary,1990,-4.42439993
hungary,1991,-3.316433665
hungary,1992,-8.150442854
hungary,1993,-5.880732843
hungary,1994,-4.398404108
hungary,1995,-3.54026503
hungary,1996,-1.807514754
hungary,1997,-1.930091911
hungary,1998,-2.386163237
hungary,1999,-2.547421806
hungary,2000,-3.19950947
hungary,2001,-3.324510005
hungary,2002,-4.711049351
hungary,2003,-5.340047993
hungary,2004,-4.790938264
hungary,2005,-4.727603973
hungary,2006,-6.266273228
hungary,2007,-6.169856931
hungary,2008,-6.55228356
hungary,2009,-4.353622166
hungary,2010,-4.721571445
hungary,2011,-5.068173674
hungary,2012,-4.597052162
hungary,2013,-5.051415789
hungary,2014,-4.902603082
hungary,2015,-4.577793183
hungary,2016,-4.242223733
hungary,2017,-4.286536859
hungary,2018,-4.748612498
india,1990,0.912789912
india,1991,5.560446398
india,1992,3.166148894
india,1993,7.832752897
india,1994,9.429623601
india,1995,12.43464712
india,1996,16.74597429
india,1997,16.45970425
india,1998,16.81198078
india,1999,14.32905958
india,2000,24.49126494
india,2001,21.66547474
india,2002,25.0952657
india,2003,21.37375977
india,2004,22.51817625
india,2005,28.18439154
india,2006,25.95386032
india,2007,26.39762958
india,2008,32.19075665
india,2009,20.16278624
india,2010,25.61859314
india,2011,31.86518597
india,2012,37.38634906
india,2013,56.67599468
india,2014,55.24333491
india,2015,50.85053271
india,2016,57.7348561
india,2017,55.49968942
india,2018,63.59315527
indonesia,1990,1.858592908
indonesia,1991,4.230173689
indonesia,1992,4.141368528
indonesia,1993,5.82045843
indonesia,1994,5.448046624
indonesia,1995,5.003597782
indonesia,1996,6.390290378
indonesia,1997,8.7803395
indonesia,1998,20.62312921
indonesia,1999,8.880589957
indonesia,2000,9.445509941
indonesia,2001,11.75161854
indonesia,2002,7.141640082
indonesia,2003,6.207986103
indonesia,2004,7.988383701
indonesia,2005,7.395472441
indonesia,2006,4.882173394
indonesia,2007,4.360475864
indonesia,2008,2.337885598
indonesia,2009,1.655084878
indonesia,2010,-1.423060732
indonesia,2011,0.246556025
indonesia,2012,-4.607105767
indonesia,2013,-10.00854735
indonesia,2014,-10.12757258
indonesia,2015,-6.746558705
indonesia,2016,-4.605276942
indonesia,2017,-5.657999551
indonesia,2018,-4.060362515
ireland,1990,-1.809007095
ireland,1991,-2.014693352
ireland,1992,-2.438106218
ireland,1993,-1.787521935
ireland,1994,-1.672062107
ireland,1995,-1.645267907
ireland,1996,-3.202391648
ireland,1997,-2.690126586
ireland,1998,-2.208556509
ireland,1999,-3.230956098
ireland,2000,-2.90315562
ireland,2001,-2.485155107
ireland,2002,-3.155917855
ireland,2003,-4.865011803
ireland,2004,-5.687848404
ireland,2005,-6.143481421
ireland,2006,-6.183815307
ireland,2007,-5.868434952
ireland,2008,-4.338410444
ireland,2009,-2.673972258
ireland,2010,-1.867800264
ireland,2011,-2.415057916
ireland,2012,-2.065171277
ireland,2013,-2.154082678
ireland,2014,-1.84867557
ireland,2015,-0.81397392
ireland,2016,-0.679405068
ireland,2017,-0.874713656
ireland,2018,-0.703221237
islamic_republic_of_iran,1990,2.060763952
islamic_republic_of_iran,1991,2.346596754
islamic_republic_of_iran,1992,2.063481514
islamic_republic_of_iran,1993,6.022968593
islamic_republic_of_iran,1994,7.945923748
islamic_republic_of_iran,1995,5.846434193
islamic_republic_of_iran,1996,3.276002732
islamic_republic_of_iran,1997,0.119812424
islamic_republic_of_iran,1998,-0.678333333
islamic_republic_of_iran,1999,13.52936091
islamic_republic_of_iran,2000,13.70106267
islamic_republic_of_iran,2001,12.78384591
islamic_republic_of_iran,2002,15.55741627
islamic_republic_of_iran,2003,2.682015226
islamic_republic_of_iran,2004,4.743456206
islamic_republic_of_iran,2005,8.142580868
islamic_republic_of_iran,2006,9.601201686
islamic_republic_of_iran,2007,4.352758027
islamic_republic_of_iran,2008,6.815705784
islamic_republic_of_iran,2009,8.441852494
islamic_republic_of_iran,2010,5.662682347
islamic_republic_of_iran,2011,7.780317355
islamic_republic_of_iran,2012,12.42788172
islamic_republic_of_iran,2013,15.76310035
islamic_republic_of_iran,2014,13.31627338
islamic_republic_of_iran,2015,10.83104502
islamic_republic_of_iran,2016,14.10209218
islamic_republic_of_iran,2017,19.27234642
islamic_republic_of_iran,2018,17.5283019
israel,1990,-3.76617611
israel,1991,-3.823328153
israel,1992,-4.382442268
israel,1993,-3.862884948
israel,1994,-3.80224783
israel,1995,-4.097739664
israel,1996,-4.096150563
israel,1997,-3.967786059
israel,1998,-4.14298313
israel,1999,-2.349862677
israel,2000,-1.808829946
israel,2001,-1.919292484
israel,2002,-1.932675956
israel,2003,-3.955191116
israel,2004,-4.017267936
israel,2005,-4.295242871
israel,2006,-4.056380982
israel,2007,-4.105327495
israel,2008,-4.099292296
israel,2009,-3.390905891
israel,2010,-3.905685225
israel,2011,-4.374227275
israel,2012,-4.193090768
israel,2013,-4.470910053
israel,2014,-4.807134036
israel,2015,-4.237371488
israel,2016,-4.16278602
israel,2017,-4.616774032
israel,2018,-4.941741677
italy_including_san_marino,1990,-34.10962902
italy_including_san_marino,1991,-32.75824414
italy_including_san_marino,1992,-46.3516471
italy_including_san_marino,1993,-34.25966145
italy_including_san_marino,1994,-31.17622695
italy_including_san_marino,1995,-30.02649109
italy_including_san_marino,1996,-22.77819786
italy_including_san_marino,1997,-23.05379617
italy_including_san_marino,1998,-22.8979117
italy_including_san_marino,1999,-26.15602406
italy_including_san_marino,2000,-31.52298009
italy_including_san_marino,2001,-28.16742906
italy_including_san_marino,2002,-30.68094187
italy_including_san_marino,2003,-25.47750968
italy_including_san_marino,2004,-30.61012858
italy_including_san_marino,2005,-30.04382605
italy_including_san_marino,2006,-37.31010225
italy_including_san_marino,2007,-36.86959603
italy_including_san_marino,2008,-39.72624137
italy_including_san_marino,2009,-34.28856196
italy_including_san_marino,2010,-39.04028774
italy_including_san_marino,2011,-41.9895393
italy_including_san_marino,2012,-32.28636668
italy_including_san_marino,2013,-30.86278954
italy_including_san_marino,2014,-31.63481951
italy_including_san_marino,2015,-27.58025357
italy_including_san_marino,2016,-26.37164122
italy_including_san_marino,2017,-28.80464052
italy_including_san_marino,2018,-32.14663625
jamaica,1990,0.033954687
jamaica,1991,0.100899197
jamaica,1992,0.180842357
jamaica,1993,0.071492911
jamaica,1994,0.167061288
jamaica,1995,0.13416321
jamaica,1996,0.665231702
jamaica,1997,0.589303638
jamaica,1998,-0.056891628
jamaica,1999,0.080773626
jamaica,2000,0.773516969
jamaica,2001,0.073655569
jamaica,2002,0.537364389
jamaica,2003,0.015288468
jamaica,2004,-0.214872614
jamaica,2005,-0.559097999
jamaica,2006,-0.802457051
jamaica,2007,-1.014239152
jamaica,2008,-0.907134077
jamaica,2009,-0.252766814
jamaica,2010,-0.519246703
jamaica,2011,-0.754221387
jamaica,2012,-0.730320361
jamaica,2013,-0.667780796
jamaica,2014,-0.63305046
jamaica,2015,-0.424915238
jamaica,2016,-0.217541191
jamaica,2017,-0.242492941
jamaica,2018,-0.16458555
japan,1990,-44.56761757
japan,1991,-46.28526701
japan,1992,-67.22267704
japan,1993,-61.41815344
japan,1994,-65.49229917
japan,1995,-70.91316771
japan,1996,-65.28316022
japan,1997,-60.16531681
japan,1998,-45.10164628
japan,1999,-58.69187369
japan,2000,-72.31488815
japan,2001,-63.8870418
japan,2002,-59.01474253
japan,2003,-60.12138964
japan,2004,-60.84245246
japan,2005,-62.83158401
japan,2006,-62.46626779
japan,2007,-57.28321908
japan,2008,-69.126793
japan,2009,-54.00772089
japan,2010,-57.88308662
japan,2011,-68.91228613
japan,2012,-67.92620084
japan,2013,-53.1601399
japan,2014,-50.26670407
japan,2015,-43.6577428
japan,2016,-43.13950503
japan,2017,-42.81078821
japan,2018,-48.23616541
jordan,1990,-1.465814469
jordan,1991,-1.184954224
jordan,1992,-1.327792264
jordan,1993,-1.200491976
jordan,1994,-1.210805651
jordan,1995,-1.322160193
jordan,1996,-0.304901997
jordan,1997,-0.882605558
jordan,1998,-0.983155044
jordan,1999,-0.697191718
jordan,2000,-0.433722088
jordan,2001,-1.15674795
jordan,2002,-1.45073231
jordan,2003,-1.241936921
jordan,2004,-1.575060926
jordan,2005,-1.74968178
jordan,2006,-1.486310782
jordan,2007,-1.203678032
jordan,2008,-1.795623708
jordan,2009,-2.200196456
jordan,2010,-1.791950481
jordan,2011,-1.864000824
jordan,2012,-1.03468238
jordan,2013,-2.648215453
jordan,2014,-2.373918017
jordan,2015,-2.232242747
jordan,2016,-2.157459567
jordan,2017,-2.315617494
jordan,2018,-2.560016991
kazakhstan,1990,-2.917629192
kazakhstan,1991,15.22066905
kazakhstan,1992,31.02019142
kazakhstan,1993,12.86132562
kazakhstan,1994,9.848431912
kazakhstan,1995,11.36800537
kazakhstan,1996,11.50430821
kazakhstan,1997,11.40086486
kazakhstan,1998,8.836930556
kazakhstan,1999,6.072556262
kazakhstan,2000,10.32399644
kazakhstan,2001,6.973045523
kazakhstan,2002,9.506176226
kazakhstan,2003,11.84414889
kazakhstan,2004,13.34898444
kazakhstan,2005,12.90199182
kazakhstan,2006,10.36537542
kazakhstan,2007,9.883333055
kazakhstan,2008,13.07785393
kazakhstan,2009,15.21061175
kazakhstan,2010,25.26996159
kazakhstan,2011,25.20241164
kazakhstan,2012,19.30014013
kazakhstan,2013,16.11682018
kazakhstan,2014,18.8477771
kazakhstan,2015,11.73184063
kazakhstan,2016,14.71103635
kazakhstan,2017,18.60364831
kazakhstan,2018,22.54746135
kenya,1990,-0.62469209
kenya,1991,-0.671304799
kenya,1992,-0.788151981
kenya,1993,-0.657773024
kenya,1994,-0.691668759
kenya,1995,-0.758893931
kenya,1996,-0.064792356
kenya,1997,-0.274690071
kenya,1998,-0.851098847
kenya,1999,-0.37653607
kenya,2000,0.045213179
kenya,2001,-0.320818622
kenya,2002,0.144279868
kenya,2003,-0.790509479
kenya,2004,-0.874862164
kenya,2005,-1.076252681
kenya,2006,-1.299947103
kenya,2007,-1.356137331
kenya,2008,-1.452845221
kenya,2009,-1.755437531
kenya,2010,-1.646365663
kenya,2011,-1.779202759
kenya,2012,-2.095054246
kenya,2013,-2.917324951
kenya,2014,-2.831767858
kenya,2015,-2.516572541
kenya,2016,-2.452100842
kenya,2017,-2.622967646
kenya,2018,-2.770181542
kuwait,1990,-0.341058861
kuwait,1991,-2.045543771
kuwait,1992,-1.041932809
kuwait,1993,0.283889463
kuwait,1994,0.687133569
kuwait,1995,0.752021324
kuwait,1996,1.615037457
kuwait,1997,1.828774916
kuwait,1998,-0.524738838
kuwait,1999,2.730248741
kuwait,2000,6.212104834
kuwait,2001,5.005509312
kuwait,2002,4.363637826
kuwait,2003,2.161807411
kuwait,2004,2.618541875
kuwait,2005,3.592211148
kuwait,2006,3.047167892
kuwait,2007,1.695354154
kuwait,2008,2.400824322
kuwait,2009,3.930673669
kuwait,2010,3.947888532
kuwait,2011,4.362040942
kuwait,2012,6.787166528
kuwait,2013,3.5880924
kuwait,2014,3.100977565
kuwait,2015,1.66808412
kuwait,2016,1.361173206
kuwait,2017,1.78423513
kuwait,2018,2.231599733
kyrgyzstan,1990,-0.000850992
kyrgyzstan,1991,-0.104321946
kyrgyzstan,1992,-1.710185787
kyrgyzstan,1993,-1.133417622
kyrgyzstan,1994,-1.054493665
kyrgyzstan,1995,-1.466614451
kyrgyzstan,1996,-0.765998739
kyrgyzstan,1997,0.025238091
kyrgyzstan,1998,-1.105490015
kyrgyzstan,1999,-0.265486519
kyrgyzstan,2000,-0.057047993
kyrgyzstan,2001,-0.033720111
kyrgyzstan,2002,0.082014171
kyrgyzstan,2003,-0.181752455
kyrgyzstan,2004,-0.232282344
kyrgyzstan,2005,-0.664254201
kyrgyzstan,2006,-1.400482293
kyrgyzstan,2007,-0.244307754
kyrgyzstan,2008,-0.122107204
kyrgyzstan,2009,-1.622804437
kyrgyzstan,2010,-1.505991453
kyrgyzstan,2011,-1.50740609
kyrgyzstan,2012,-1.605749938
kyrgyzstan,2013,-1.692524488
kyrgyzstan,2014,-1.751606979
kyrgyzstan,2015,-1.606116582
kyrgyzstan,2016,-1.465593652
kyrgyzstan,2017,-1.617409119
kyrgyzstan,2018,-1.766515293
lao_people_s_democratic_republic,1990,-0.084787658
lao_people_s_democratic_republic,1991,-0.093143817
lao_people_s_democratic_republic,1992,-0.095702674
lao_people_s_democratic_republic,1993,-0.098970308
lao_people_s_democratic_republic,1994,-0.117786541
lao_people_s_democratic_republic,1995,-0.1413181
lao_people_s_democratic_republic,1996,-0.133595065
lao_people_s_democratic_republic,1997,-0.117875172
lao_people_s_democratic_republic,1998,-0.124726758
lao_people_s_democratic_republic,1999,-0.105948377
lao_people_s_democratic_republic,2000,-0.26828931
lao_people_s_democratic_republic,2001,-0.151186621
lao_people_s_democratic_republic,2002,-0.181891739
lao_people_s_democratic_republic,2003,-0.155804695
lao_people_s_democratic_republic,2004,-0.164702316
lao_people_s_democratic_republic,2005,-0.169171219
lao_people_s_democratic_republic,2006,-0.215677415
lao_people_s_democratic_republic,2007,-0.253908753
lao_people_s_democratic_republic,2008,-0.303183151
lao_people_s_democratic_republic,2009,-0.355185325
lao_people_s_democratic_republic,2010,-0.378690551
lao_people_s_democratic_republic,2011,-0.524469108
lao_people_s_democratic_republic,2012,-0.674629922
lao_people_s_democratic_republic,2013,-0.963121073
lao_people_s_democratic_republic,2014,-0.920570456
lao_people_s_democratic_republic,2015,-0.653559906
lao_people_s_democratic_republic,2016,-0.236372203
lao_people_s_democratic_republic,2017,0.01830792
lao_people_s_democratic_republic,2018,0.902125254
latvia,1990,-0.429014622
latvia,1991,-0.451354856
latvia,1992,-1.034920627
latvia,1993,-0.650906916
latvia,1994,-0.839178312
latvia,1995,-0.911999119
latvia,1996,-1.339795427
latvia,1997,-1.362264054
latvia,1998,-1.42806701
latvia,1999,-1.305808565
latvia,2000,-1.494126876
latvia,2001,-1.334642721
latvia,2002,-1.141088642
latvia,2003,-1.852339176
latvia,2004,-1.763666037
latvia,2005,-1.44916279
latvia,2006,-1.876676259
latvia,2007,-2.246061441
latvia,2008,-2.215185585
latvia,2009,-1.521410716
latvia,2010,-1.280936615
latvia,2011,-1.417434021
latvia,2012,-1.555054558
latvia,2013,-1.436219622
latvia,2014,-1.421869109
latvia,2015,-1.356163387
latvia,2016,-1.306676342
latvia,2017,-1.384504618
latvia,2018,-1.474523864
lithuania,1990,-1.860064844
lithuania,1991,-1.986588902
lithuania,1992,-8.071824713
lithuania,1993,-4.0625497
lithuania,1994,-3.245899024
lithuania,1995,-3.300925926
lithuania,1996,-1.746956922
lithuania,1997,-1.663585341
lithuania,1998,-1.635077826
lithuania,1999,-1.659650751
lithuania,2000,-1.703364809
lithuania,2001,-1.307924379
lithuania,2002,-2.193503286
lithuania,2003,-1.999974821
lithuania,2004,-1.755913452
lithuania,2005,-1.638158089
lithuania,2006,-2.431729525
lithuania,2007,-2.347956722
lithuania,2008,-2.206780878
lithuania,2009,-1.832192865
lithuania,2010,-1.627509957
lithuania,2011,-2.409532613
lithuania,2012,-1.947235427
lithuania,2013,-2.096198165
lithuania,2014,-2.229261302
lithuania,2015,-2.291381422
lithuania,2016,-2.172394748
lithuania,2017,-2.171343717
lithuania,2018,-2.475004963
luxembourg,1990,0
luxembourg,1991,0
luxembourg,1992,0
luxembourg,1993,0
luxembourg,1994,0
luxembourg,1995,0
luxembourg,1996,0
luxembourg,1997,0
luxembourg,1998,0
luxembourg,1999,-0.12595365
luxembourg,2000,0.274491404
luxembourg,2001,0.235895847
luxembourg,2002,0.26396535
luxembourg,2003,-0.139119378
luxembourg,2004,-0.356257351
luxembourg,2005,-0.65630349
luxembourg,2006,-1.426618796
luxembourg,2007,0.085280235
luxembourg,2008,-4.043528939
luxembourg,2009,-4.278020649
luxembourg,2010,-3.823850181
luxembourg,2011,0.143887226
luxembourg,2012,-3.863311632
luxembourg,2013,-3.831974941
luxembourg,2014,-3.681996896
luxembourg,2015,-3.937111228
luxembourg,2016,-3.765058611
luxembourg,2017,-3.824208482
luxembourg,2018,-3.684895654
madagascar,1990,-0.109920488
madagascar,1991,-0.107627841
madagascar,1992,-0.1155799
madagascar,1993,-0.127391036
madagascar,1994,-0.123148381
madagascar,1995,-0.122574706
madagascar,1996,-0.045492347
madagascar,1997,-0.048045058
madagascar,1998,-0.153553936
madagascar,1999,-0.20167586
madagascar,2000,-0.106461632
madagascar,2001,-0.155272017
madagascar,2002,-0.120143531
madagascar,2003,-0.346240999
madagascar,2004,-0.176955454
madagascar,2005,-0.43190481
madagascar,2006,-0.317426856
madagascar,2007,-0.404439281
madagascar,2008,-0.602552952
madagascar,2009,-0.540843148
madagascar,2010,-0.411098048
madagascar,2011,-0.347532437
madagascar,2012,-0.44401472
madagascar,2013,-0.464374167
madagascar,2014,-0.429377176
madagascar,2015,-0.378078561
madagascar,2016,-0.361447466
madagascar,2017,-0.320455277
madagascar,2018,-0.339853188
malawi,1990,-0.212373081
malawi,1991,-0.207815861
malawi,1992,-0.205870034
malawi,1993,-0.228915095
malawi,1994,-0.232999982
malawi,1995,-0.24740108
malawi,1996,-0.323645712
malawi,1997,-0.311488545
malawi,1998,-0.295782025
malawi,1999,-0.286449832
malawi,2000,-0.246246815
malawi,2001,-0.255023957
malawi,2002,-0.322354348
malawi,2003,-0.281149595
malawi,2004,-0.25737576
malawi,2005,-0.284746698
malawi,2006,-0.281240801
malawi,2007,-0.267969629
malawi,2008,-0.359787714
malawi,2009,-0.430101202
malawi,2010,-0.445942542
malawi,2011,-0.378793498
malawi,2012,-0.281328956
malawi,2013,-0.500743803
malawi,2014,-0.51270922
malawi,2015,-0.47143553
malawi,2016,-0.466630857
malawi,2017,-0.471382
malawi,2018,-0.49978841
malaysia,1990,-3.03901679
malaysia,1991,-1.75334402
malaysia,1992,-2.225813095
malaysia,1993,-0.027500086
malaysia,1994,0.58948567
malaysia,1995,3.799000875
malaysia,1996,3.070263779
malaysia,1997,2.130798721
malaysia,1998,9.323444504
malaysia,1999,3.54775216
malaysia,2000,4.108001192
malaysia,2001,5.076938582
malaysia,2002,2.464074709
malaysia,2003,6.750626277
malaysia,2004,8.178853361
malaysia,2005,8.542558366
malaysia,2006,7.41844924
malaysia,2007,7.008557479
malaysia,2008,6.986127643
malaysia,2009,7.97107647
malaysia,2010,6.84063441
malaysia,2011,5.769304354
malaysia,2012,0.965551065
malaysia,2013,-0.436666062
malaysia,2014,0.211335103
malaysia,2015,-0.788446352
malaysia,2016,1.66009045
malaysia,2017,2.169137673
malaysia,2018,0.986358638
malta,1990,-0.255649554
malta,1991,-0.25776494
malta,1992,-0.303485771
malta,1993,-0.218440777
malta,1994,-0.257092869
malta,1995,-0.325282099
malta,1996,-0.328130104
malta,1997,-0.260459296
malta,1998,-0.570490947
malta,1999,-0.413965034
malta,2000,-0.585806942
malta,2001,-0.559418429
malta,2002,-0.341487944
malta,2003,-0.623013854
malta,2004,-0.196041131
malta,2005,-0.45840661
malta,2006,-0.676495648
malta,2007,-0.275645223
malta,2008,-0.882116098
malta,2009,-0.869655505
malta,2010,-0.766962763
malta,2011,-0.956998173
malta,2012,-1.284952992
malta,2013,-0.838035577
malta,2014,-0.83059647
malta,2015,-0.930775429
malta,2016,-0.937387902
malta,2017,-0.961518931
malta,2018,-1.035609857
mauritius,1990,-0.309297412
mauritius,1991,-0.331172518
mauritius,1992,-0.352372882
mauritius,1993,-0.361535685
mauritius,1994,-0.400991694
mauritius,1995,-0.415599902
mauritius,1996,-0.477485228
mauritius,1997,-0.460026163
mauritius,1998,-0.401216533
mauritius,1999,-0.426326318
mauritius,2000,-0.469488975
mauritius,2001,-0.38906955
mauritius,2002,-0.400419073
mauritius,2003,-0.449748366
mauritius,2004,-0.497784512
mauritius,2005,-0.355657059
mauritius,2006,-0.431607831
mauritius,2007,-0.347587375
mauritius,2008,-0.438543137
mauritius,2009,-0.364246812
mauritius,2010,-0.312038279
mauritius,2011,-0.530222376
mauritius,2012,-0.335959126
mauritius,2013,-0.337355723
mauritius,2014,-0.293958433
mauritius,2015,-0.264696557
mauritius,2016,-0.272776412
mauritius,2017,-0.284855551
mauritius,2018,-0.301845459
mexico,1990,-1.234260376
mexico,1991,-2.373197536
mexico,1992,-3.694586847
mexico,1993,-3.867520073
mexico,1994,-3.472057014
mexico,1995,2.445448025
mexico,1996,1.157712337
mexico,1997,-2.993088736
mexico,1998,-4.269505065
mexico,1999,-5.801874814
mexico,2000,-10.75155032
mexico,2001,-9.664964079
mexico,2002,-10.20501849
mexico,2003,-9.178655949
mexico,2004,-7.024752664
mexico,2005,-11.3595547
mexico,2006,-11.90873553
mexico,2007,-6.060160654
mexico,2008,-6.93629419
mexico,2009,-5.037606238
mexico,2010,-9.546067641
mexico,2011,-8.092090814
mexico,2012,-12.6672073
mexico,2013,-14.280669
mexico,2014,-14.11076612
mexico,2015,-8.400318652
mexico,2016,-3.662229277
mexico,2017,-5.329323146
mexico,2018,-6.084361152
mongolia,1990,0.239932633
mongolia,1991,0.88226642
mongolia,1992,0.479068269
mongolia,1993,0.856683357
mongolia,1994,0.555513778
mongolia,1995,0.518814713
mongolia,1996,0.133296006
mongolia,1997,0.426383616
mongolia,1998,0.334442072
mongolia,1999,0.241313996
mongolia,2000,0.234089046
mongolia,2001,0.267593265
mongolia,2002,0.245017926
mongolia,2003,-0.065720979
mongolia,2004,0.058591963
mongolia,2005,-0.031934267
mongolia,2006,-0.125534622
mongolia,2007,0.033585461
mongolia,2008,-0.236405112
mongolia,2009,-0.171989886
mongolia,2010,-0.223231045
mongolia,2011,-0.448989404
mongolia,2012,-0.032424031
mongolia,2013,0.377975015
mongolia,2014,0.25158086
mongolia,2015,-0.138157657
mongolia,2016,0.196700629
mongolia,2017,0.891993718
mongolia,2018,2.66910345
morocco,1990,-2.361434366
morocco,1991,-2.074852628
morocco,1992,-3.068642847
morocco,1993,-2.336663833
morocco,1994,-2.160388784
morocco,1995,-2.234499256
morocco,1996,-1.082421754
morocco,1997,-0.683812638
morocco,1998,-1.186304517
morocco,1999,-1.769285885
morocco,2000,-2.042210907
morocco,2001,-1.67136812
morocco,2002,-2.701774745
morocco,2003,-1.310495387
morocco,2004,-1.229481662
morocco,2005,-1.517641552
morocco,2006,-1.712173961
morocco,2007,-1.59144793
morocco,2008,-2.244897363
morocco,2009,-1.577861502
morocco,2010,-1.41189648
morocco,2011,-1.854511834
morocco,2012,-1.669903334
morocco,2013,-1.606057755
morocco,2014,-1.289421282
morocco,2015,-0.871095331
morocco,2016,-0.615407295
morocco,2017,-0.542259218
morocco,2018,-0.534442472
mozambique,1990,-0.585621636
mozambique,1991,-0.557459485
mozambique,1992,-0.52736979
mozambique,1993,-0.589962225
mozambique,1994,-0.607579581
mozambique,1995,-0.657386487
mozambique,1996,-0.355004925
mozambique,1997,-0.211692218
mozambique,1998,-0.482603294
mozambique,1999,-0.72684848
mozambique,2000,-0.77884154
mozambique,2001,-0.658689851
mozambique,2002,-0.770057683
mozambique,2003,-0.679101787
mozambique,2004,-0.627991628
mozambique,2005,-0.811992876
mozambique,2006,-1.166911063
mozambique,2007,-1.454799979
mozambique,2008,-1.784859537
mozambique,2009,-1.989856531
mozambique,2010,-1.768895048
mozambique,2011,-2.059263425
mozambique,2012,-2.259939187
mozambique,2013,-2.94113097
mozambique,2014,-2.821066147
mozambique,2015,-2.663711473
mozambique,2016,-2.597817776
mozambique,2017,-2.501081738
mozambique,2018,-2.526389351
namibia,1990,0
namibia,1991,0
namibia,1992,0
namibia,1993,0
namibia,1994,0
namibia,1995,0
namibia,1996,0
namibia,1997,0
namibia,1998,0
namibia,1999,0
namibia,2000,-0.881796018
namibia,2001,-0.953373132
namibia,2002,0.072563578
namibia,2003,-0.62157058
namibia,2004,-0.920175877
namibia,2005,-0.798373313
namibia,2006,-0.831749805
namibia,2007,-1.0317579
namibia,2008,-1.102548885
namibia,2009,-0.300752534
namibia,2010,-0.234642092
namibia,2011,-0.280020903
namibia,2012,-0.441671293
namibia,2013,-1.405111844
namibia,2014,-1.456686955
namibia,2015,-1.31794917
namibia,2016,-1.318908018
namibia,2017,-1.324448298
namibia,2018,-1.343685174
nepal,1990,-0.121812643
nepal,1991,-0.140953151
nepal,1992,-0.140196248
nepal,1993,-0.145705135
nepal,1994,-0.144148668
nepal,1995,-0.136333376
nepal,1996,-0.129998587
nepal,1997,-0.119406274
nepal,1998,-0.537131388
nepal,1999,-0.845828958
nepal,2000,-0.214752363
nepal,2001,-0.205356322
nepal,2002,-0.332457039
nepal,2003,-0.628761889
nepal,2004,-0.483150248
nepal,2005,-0.449302576
nepal,2006,-0.505105129
nepal,2007,-0.583733723
nepal,2008,-0.616789745
nepal,2009,-0.896094843
nepal,2010,-1.290463561
nepal,2011,-1.37238895
nepal,2012,-1.289477642
nepal,2013,-1.780522205
nepal,2014,-1.685800163
nepal,2015,-1.589950657
nepal,2016,-1.555085741
nepal,2017,-1.548031445
nepal,2018,-1.596913467
netherlands,1990,-10.57671931
netherlands,1991,-10.51540438
netherlands,1992,-18.32400899
netherlands,1993,-13.14247355
netherlands,1994,-11.86402212
netherlands,1995,-12.36713438
netherlands,1996,-9.206878522
netherlands,1997,-9.594204609
netherlands,1998,-10.70007085
netherlands,1999,7.142922031
netherlands,2000,7.7798773
netherlands,2001,10.08079492
netherlands,2002,6.690253356
netherlands,2003,-2.461454919
netherlands,2004,-2.227927748
netherlands,2005,-3.826027612
netherlands,2006,-12.56302647
netherlands,2007,-2.317202541
netherlands,2008,-2.214212621
netherlands,2009,-1.98962538
netherlands,2010,-0.564048467
netherlands,2011,0.274644616
netherlands,2012,0.205297218
netherlands,2013,1.309590389
netherlands,2014,0.610657743
netherlands,2015,3.054802652
netherlands,2016,3.920360574
netherlands,2017,3.611406844
netherlands,2018,2.022712566
new_zealand,1990,-0.40408898
new_zealand,1991,-0.264222989
new_zealand,1992,-0.081480152
new_zealand,1993,-0.199904896
new_zealand,1994,-0.363110322
new_zealand,1995,-0.672529285
new_zealand,1996,-0.784558074
new_zealand,1997,-0.723487178
new_zealand,1998,-0.336638381
new_zealand,1999,-0.742956676
new_zealand,2000,-0.205910646
new_zealand,2001,0.150193405
new_zealand,2002,-0.234922046
new_zealand,2003,-0.351620287
new_zealand,2004,-0.953703021
new_zealand,2005,-1.189123996
new_zealand,2006,-0.634375131
new_zealand,2007,-1.081634021
new_zealand,2008,-0.931573206
new_zealand,2009,-0.444255832
new_zealand,2010,-0.493846736
new_zealand,2011,-0.982463604
new_zealand,2012,-0.888514145
new_zealand,2013,-0.958382376
new_zealand,2014,-0.983304554
new_zealand,2015,-0.745478761
new_zealand,2016,-0.909873957
new_zealand,2017,-0.74502724
new_zealand,2018,-0.984409211
nicaragua,1990,-0.145271542
nicaragua,1991,-0.153240929
nicaragua,1992,-0.19482214
nicaragua,1993,-0.174168973
nicaragua,1994,-0.162683213
nicaragua,1995,-0.154890299
nicaragua,1996,-0.147879031
nicaragua,1997,-0.169099521
nicaragua,1998,-0.189169125
nicaragua,1999,-0.21347595
nicaragua,2000,-0.248277794
nicaragua,2001,-0.240419234
nicaragua,2002,-0.271948022
nicaragua,2003,-0.3696025
nicaragua,2004,-0.325625701
nicaragua,2005,-0.381243013
nicaragua,2006,-0.380742262
nicaragua,2007,-0.398275498
nicaragua,2008,-0.341004282
nicaragua,2009,-0.299667962
nicaragua,2010,-0.393283375
nicaragua,2011,-0.383881799
nicaragua,2012,-0.500643809
nicaragua,2013,-0.366704458
nicaragua,2014,-0.343338601
nicaragua,2015,-0.304943546
nicaragua,2016,-0.278888585
nicaragua,2017,-0.270209901
nicaragua,2018,-0.274841594
nigeria,1990,0.27324384
nigeria,1991,0.552176862
nigeria,1992,0.641037687
nigeria,1993,0.267281341
nigeria,1994,-0.547936151
nigeria,1995,-0.091658192
nigeria,1996,0.064828097
nigeria,1997,-0.988712146
nigeria,1998,-1.345033644
nigeria,1999,1.235432843
nigeria,2000,8.751807663
nigeria,2001,6.064436511
nigeria,2002,6.081068265
nigeria,2003,6.059551216
nigeria,2004,3.89584045
nigeria,2005,3.706115174
nigeria,2006,6.986883506
nigeria,2007,2.15990398
nigeria,2008,1.716680733
nigeria,2009,-1.6911524
nigeria,2010,4.955017218
nigeria,2011,8.23960455
nigeria,2012,8.937926872
nigeria,2013,1.010921538
nigeria,2014,1.795470483
nigeria,2015,-2.927094787
nigeria,2016,-3.124033448
nigeria,2017,-0.406245412
nigeria,2018,1.696605314
norway,2003,-0.200948531
norway,2004,0.15786151
norway,2005,-0.395491091
norway,2006,-1.059493791
norway,2007,-1.901812696
norway,2008,-1.450976551
norway,2009,-1.366203099
norway,2010,-1.327670986
norway,2011,-1.569361963
norway,2012,-1.37580559
norway,2013,-0.972491478
norway,2014,-0.913416593
norway,2015,-0.948180166
norway,2016,-1.278991821
norway,2017,-1.431559835
norway,2018,-1.238053925
oman,1990,-0.344438135
oman,1991,-0.473750927
oman,1992,-0.475979382
oman,1993,-0.55894017
oman,1994,-0.534755054
oman,1995,-0.479430282
oman,1996,-0.510258993
oman,1997,-0.544131163
oman,1998,-0.637227658
oman,1999,0.533524201
oman,2000,0.678241802
oman,2001,0.290024201
oman,2002,0.504764419
oman,2003,0.91381941
oman,2004,1.013162826
oman,2005,1.092750809
oman,2006,0.943634859
oman,2007,1.176022305
oman,2008,0.290762649
oman,2009,-0.580502074
oman,2010,1.912388181
oman,2011,2.929794744
oman,2012,1.105255017
oman,2013,0.715684856
oman,2014,-0.939474276
oman,2015,-1.594367137
oman,2016,-1.043864774
oman,2017,0.377477258
oman,2018,1.441327703
pakistan,1990,-1.19316639
pakistan,1991,-0.801612337
pakistan,1992,-1.443241922
pakistan,1993,-1.345163135
pakistan,1994,-1.268169041
pakistan,1995,-1.296012291
pakistan,1996,-1.392378816
pakistan,1997,-0.985258543
pakistan,1998,0.007333177
pakistan,1999,-1.963282193
pakistan,2000,-2.155090624
pakistan,2001,-1.420660223
pakistan,2002,-2.231874616
pakistan,2003,-0.98586769
pakistan,2004,-1.542753672
pakistan,2005,-3.366302432
pakistan,2006,-3.143932338
pakistan,2007,-2.188872603
pakistan,2008,-2.609389459
pakistan,2009,-2.225939953
pakistan,2010,-2.094445385
pakistan,2011,-2.178173099
pakistan,2012,-3.141155334
pakistan,2013,-3.176824309
pakistan,2014,-3.228326057
pakistan,2015,-2.84771013
pakistan,2016,-2.282526685
pakistan,2017,-2.341666843
pakistan,2018,-2.165252898
panama,1990,-0.067464382
panama,1991,0.029423422
panama,1992,0.166573467
panama,1993,0.10925568
panama,1994,0.167311712
panama,1995,0.045900858
panama,1996,0.109121216
panama,1997,0.096881211
panama,1998,0.168351882
panama,1999,-0.050864064
panama,2000,0.048036671
panama,2001,0.311498658
panama,2002,-0.046930473
panama,2003,1.61115977
panama,2004,1.337893481
panama,2005,2.134752813
panama,2006,2.377359556
panama,2007,1.717120226
panama,2008,0.542556113
panama,2009,-2.471699135
panama,2010,-4.35447966
panama,2011,-1.335669177
panama,2012,-4.782767202
panama,2013,-3.394098172
panama,2014,-3.795796797
panama,2015,-3.59568053
panama,2016,-3.429513077
panama,2017,-3.307251851
panama,2018,-3.539688078
paraguay,1990,-0.43871991
paraguay,1991,-0.458844111
paraguay,1992,-0.469943758
paraguay,1993,-0.423381916
paraguay,1994,-0.452222926
paraguay,1995,-0.44661532
paraguay,1996,-0.42270156
paraguay,1997,-0.467174945
paraguay,1998,-0.363794216
paraguay,1999,-0.39993405
paraguay,2000,-0.468600628
paraguay,2001,-0.447024567
paraguay,2002,-0.264249692
paraguay,2003,-0.336583398
paraguay,2004,-0.413508047
paraguay,2005,-0.470561417
paraguay,2006,-0.592720181
paraguay,2007,-0.643487046
paraguay,2008,-1.028371388
paraguay,2009,-0.734030344
paraguay,2010,-1.033916186
paraguay,2011,-0.979505087
paraguay,2012,-1.054708914
paraguay,2013,-1.096457756
paraguay,2014,-1.089947309
paraguay,2015,-0.999823843
paraguay,2016,-0.877893678
paraguay,2017,-0.843808145
paraguay,2018,-0.944926108
peru,1990,-0.693731258
peru,1991,-0.801969484
peru,1992,-0.834486864
peru,1993,-0.733252663
peru,1994,-0.86561427
peru,1995,-0.959359916
peru,1996,-0.922381549
peru,1997,-0.958836017
peru,1998,-1.094369834
peru,1999,-1.125724053
peru,2000,-1.201731444
peru,2001,-1.080085665
peru,2002,-1.632538913
peru,2003,-0.904388869
peru,2004,-0.348328935
peru,2005,-0.100954701
peru,2006,-1.044563251
peru,2007,-0.79661087
peru,2008,-2.277093757
peru,2009,-0.134070806
peru,2010,-0.968155161
peru,2011,-1.773802549
peru,2012,-2.286290629
peru,2013,-3.413039137
peru,2014,-3.275269195
peru,2015,-2.965638757
peru,2016,-2.334726216
peru,2017,-2.22515947
peru,2018,-2.298273006
philippines,1990,-5.501308472
philippines,1991,-4.962156097
philippines,1992,-7.472155304
philippines,1993,-6.073152628
philippines,1994,-5.381797031
philippines,1995,-5.204401768
philippines,1996,-4.710069747
philippines,1997,-4.510986721
philippines,1998,-2.668710135
philippines,1999,-4.34077296
philippines,2000,-5.15176191
philippines,2001,-4.93636602
philippines,2002,-4.346764294
philippines,2003,-5.684812345
philippines,2004,-4.665638872
philippines,2005,-5.412582567
philippines,2006,-5.276482311
philippines,2007,-5.487393225
philippines,2008,-6.231033249
philippines,2009,-5.274631975
philippines,2010,-5.893123456
philippines,2011,-6.354562891
philippines,2012,-7.144700177
philippines,2013,-8.07980226
philippines,2014,-7.670569934
philippines,2015,-6.650780194
philippines,2016,-5.653951326
philippines,2017,-4.927179006
philippines,2018,-5.013147633
plurinational_state_of_bolivia,1990,0.036033367
plurinational_state_of_bolivia,1991,0.040087173
plurinational_state_of_bolivia,1992,0.023174698
plurinational_state_of_bolivia,1993,0.068413702
plurinational_state_of_bolivia,1994,0.149748409
plurinational_state_of_bolivia,1995,0.212040662
plurinational_state_of_bolivia,1996,0.186824258
plurinational_state_of_bolivia,1997,0.065624938
plurinational_state_of_bolivia,1998,-0.009024068
plurinational_state_of_bolivia,1999,-0.167087204
plurinational_state_of_bolivia,2000,-0.025232914
plurinational_state_of_bolivia,2001,-0.059935193
plurinational_state_of_bolivia,2002,-0.15341915
plurinational_state_of_bolivia,2003,0.256412682
plurinational_state_of_bolivia,2004,0.38258729
plurinational_state_of_bolivia,2005,0.509745678
plurinational_state_of_bolivia,2006,0.73076766
plurinational_state_of_bolivia,2007,0.49438468
plurinational_state_of_bolivia,2008,0.424003716
plurinational_state_of_bolivia,2009,0.167295829
plurinational_state_of_bolivia,2010,0.317244554
plurinational_state_of_bolivia,2011,0.287109812
plurinational_state_of_bolivia,2012,0.550285707
plurinational_state_of_bolivia,2013,0.489882383
plurinational_state_of_bolivia,2014,0.53377003
plurinational_state_of_bolivia,2015,0.168640712
plurinational_state_of_bolivia,2016,0.031025555
plurinational_state_of_bolivia,2017,0.085813287
plurinational_state_of_bolivia,2018,0.098478604
poland,1990,14.7282767
poland,1991,10.0255347
poland,1992,5.248688088
poland,1993,8.059095963
poland,1994,10.16764899
poland,1995,11.44622916
poland,1996,13.41120401
poland,1997,12.70520677
poland,1998,12.07683102
poland,1999,5.960584524
poland,2000,6.127214267
poland,2001,6.499972044
poland,2002,6.514451713
poland,2003,10.24003499
poland,2004,9.940475497
poland,2005,9.646876152
poland,2006,8.647298402
poland,2007,5.665481186
poland,2008,3.065199969
poland,2009,3.774499842
poland,2010,3.918823338
poland,2011,3.074642053
poland,2012,3.272841259
poland,2013,5.282597463
poland,2014,4.907900415
poland,2015,6.465010221
poland,2016,9.350099423
poland,2017,10.87071698
poland,2018,10.43030027
portugal,1990,-1.876434107
portugal,1991,-1.962163046
portugal,1992,-2.487063362
portugal,1993,-2.458569347
portugal,1994,-2.457351146
portugal,1995,-2.409592674
portugal,1996,-2.439311122
portugal,1997,-2.787068969
portugal,1998,-2.855390964
portugal,1999,-1.882738375
portugal,2000,-3.402199356
portugal,2001,-3.21313773
portugal,2002,-2.960920392
portugal,2003,-3.467849637
portugal,2004,-3.952137202
portugal,2005,-4.37222178
portugal,2006,-4.156385299
portugal,2007,-3.451022022
portugal,2008,-3.581488778
portugal,2009,-2.593645446
portugal,2010,-3.204085707
portugal,2011,-2.867119425
portugal,2012,-1.947068495
portugal,2013,-1.857675826
portugal,2014,-1.86891933
portugal,2015,-1.170045742
portugal,2016,-1.190561253
portugal,2017,-0.872633202
portugal,2018,-1.411750094
qatar,1990,0.2140031
qatar,1991,0.437071579
qatar,1992,1.030259164
qatar,1993,1.067502582
qatar,1994,0.983113993
qatar,1995,0.935482958
qatar,1996,0.927231467
qatar,1997,1.629231243
qatar,1998,1.114098374
qatar,1999,4.026036099
qatar,2000,4.973623896
qatar,2001,5.77457612
qatar,2002,4.615735278
qatar,2003,4.990625851
qatar,2004,5.526466084
qatar,2005,6.060956021
qatar,2006,8.812786639
qatar,2007,7.757470083
qatar,2008,6.702613347
qatar,2009,6.308601544
qatar,2010,8.114516818
qatar,2011,11.88066593
qatar,2012,12.76358555
qatar,2013,11.08457994
qatar,2014,14.12567665
qatar,2015,10.94906779
qatar,2016,7.943515844
qatar,2017,9.382699417
qatar,2018,10.57209596
republic_of_cameroon,1990,-0.202153893
republic_of_cameroon,1991,-0.226411732
republic_of_cameroon,1992,-0.143370955
republic_of_cameroon,1993,-0.149132439
republic_of_cameroon,1994,-0.139047113
republic_of_cameroon,1995,-0.12342991
republic_of_cameroon,1996,-0.094789001
republic_of_cameroon,1997,-0.234163919
republic_of_cameroon,1998,-0.22750213
republic_of_cameroon,1999,-0.069569741
republic_of_cameroon,2000,-0.181595112
republic_of_cameroon,2001,-0.332802507
republic_of_cameroon,2002,-0.338384354
republic_of_cameroon,2003,-0.431011274
republic_of_cameroon,2004,-0.340996873
republic_of_cameroon,2005,-0.448995135
republic_of_cameroon,2006,-0.429912347
republic_of_cameroon,2007,-0.113447158
republic_of_cameroon,2008,-0.346640611
republic_of_cameroon,2009,-0.326310391
republic_of_cameroon,2010,-0.352368305
republic_of_cameroon,2011,-0.512378477
republic_of_cameroon,2012,-0.709643745
republic_of_cameroon,2013,-1.000056819
republic_of_cameroon,2014,-0.917068632
republic_of_cameroon,2015,-0.684461189
republic_of_cameroon,2016,-0.644073984
republic_of_cameroon,2017,-0.815677158
republic_of_cameroon,2018,-0.910600687
republic_of_korea,1990,-19.50583412
republic_of_korea,1991,-18.94501365
republic_of_korea,1992,-27.03472103
republic_of_korea,1993,-20.67849953
republic_of_korea,1994,-19.91655133
republic_of_korea,1995,-19.28579285
republic_of_korea,1996,-20.74076704
republic_of_korea,1997,-16.21541604
republic_of_korea,1998,3.393081307
republic_of_korea,1999,-7.445865018
republic_of_korea,2000,-11.32898504
republic_of_korea,2001,-5.166001994
republic_of_korea,2002,-12.25412966
republic_of_korea,2003,-13.86835078
republic_of_korea,2004,-12.85006733
republic_of_korea,2005,-23.12463064
republic_of_korea,2006,-30.04932053
republic_of_korea,2007,-30.48522309
republic_of_korea,2008,-30.34967664
republic_of_korea,2009,-13.70050601
republic_of_korea,2010,-17.10230551
republic_of_korea,2011,-16.63953673
republic_of_korea,2012,-14.23778401
republic_of_korea,2013,-13.58103759
republic_of_korea,2014,-16.77432695
republic_of_korea,2015,-14.56786798
republic_of_korea,2016,-11.26266237
republic_of_korea,2017,-13.73772187
republic_of_korea,2018,-14.48329001
romania,1990,3.43419307
romania,1991,3.314989305
romania,1992,3.45629117
romania,1993,3.175747811
romania,1994,4.750994557
romania,1995,5.806339513
romania,1996,7.662553148
romania,1997,7.876331454
romania,1998,4.828432604
romania,1999,2.97073799
romania,2000,3.226586092
romania,2001,3.130370426
romania,2002,3.271544853
romania,2003,2.967678456
romania,2004,2.013155967
romania,2005,-0.969547522
romania,2006,-3.595702339
romania,2007,-1.366734736
romania,2008,-2.611591689
romania,2009,-1.111581022
romania,2010,-1.637493391
romania,2011,-0.948648307
romania,2012,-0.319886125
romania,2013,-0.135099111
romania,2014,0.058818683
romania,2015,0.166094818
romania,2016,0.08696006
romania,2017,-0.081198025
romania,2018,-0.44541089
russian_federation,1990,132.6971656
russian_federation,1991,87.7699401
russian_federation,1992,318.4913944
russian_federation,1993,201.7167122
russian_federation,1994,126.006636
russian_federation,1995,120.5484858
russian_federation,1996,88.79105607
russian_federation,1997,81.26701107
russian_federation,1998,110.6490204
russian_federation,1999,130.0469356
russian_federation,2000,128.5120256
russian_federation,2001,105.2663317
russian_federation,2002,100.3198025
russian_federation,2003,89.18691739
russian_federation,2004,86.98149484
russian_federation,2005,85.30091911
russian_federation,2006,96.45342522
russian_federation,2007,75.8510424
russian_federation,2008,80.06762067
russian_federation,2009,68.51778007
russian_federation,2010,72.3533226
russian_federation,2011,67.046518
russian_federation,2012,56.52599853
russian_federation,2013,50.24578009
russian_federation,2014,55.65394894
russian_federation,2015,64.12517873
russian_federation,2016,54.13387835
russian_federation,2017,55.16237481
russian_federation,2018,75.54124748
rwanda,1990,0
rwanda,1991,0
rwanda,1992,0
rwanda,1993,0
rwanda,1994,0
rwanda,1995,0
rwanda,1996,0
rwanda,1997,0
rwanda,1998,0
rwanda,1999,0
rwanda,2000,0
rwanda,2001,0
rwanda,2002,0
rwanda,2003,0
rwanda,2004,0
rwanda,2005,0
rwanda,2006,0
rwanda,2007,0
rwanda,2008,0
rwanda,2009,0
rwanda,2010,0
rwanda,2011,0
rwanda,2012,0
rwanda,2013,0
rwanda,2014,0
rwanda,2015,0
rwanda,2016,0
rwanda,2017,0
rwanda,2018,0
saudi_arabia,1990,2.875862797
saudi_arabia,1991,6.056744548
saudi_arabia,1992,6.385080609
saudi_arabia,1993,6.183752295
saudi_arabia,1994,5.948317649
saudi_arabia,1995,3.302894039
saudi_arabia,1996,4.206170824
saudi_arabia,1997,2.780952944
saudi_arabia,1998,-3.021472149
saudi_arabia,1999,10.48903045
saudi_arabia,2000,24.34610783
saudi_arabia,2001,20.84705436
saudi_arabia,2002,24.03496545
saudi_arabia,2003,5.728891068
saudi_arabia,2004,10.92013709
saudi_arabia,2005,10.23441202
saudi_arabia,2006,6.446671886
saudi_arabia,2007,3.442563767
saudi_arabia,2008,4.346140134
saudi_arabia,2009,2.011575456
saudi_arabia,2010,2.599571489
saudi_arabia,2011,2.786535986
saudi_arabia,2012,5.626714331
saudi_arabia,2013,-4.244020613
saudi_arabia,2014,-3.78365047
saudi_arabia,2015,-8.410561977
saudi_arabia,2016,-10.0562423
saudi_arabia,2017,-8.391508596
saudi_arabia,2018,-6.932325441
senegal,1990,-0.070814536
senegal,1991,-0.070569408
senegal,1992,-0.088158124
senegal,1993,-0.08771196
senegal,1994,-0.051269542
senegal,1995,-0.090546601
senegal,1996,-0.200735
senegal,1997,-0.23286698
senegal,1998,-0.237594501
senegal,1999,-0.239046597
senegal,2000,-0.258508731
senegal,2001,-0.284688521
senegal,2002,-0.638219348
senegal,2003,-0.327680106
senegal,2004,-0.310412861
senegal,2005,-0.413166157
senegal,2006,-0.546872915
senegal,2007,-0.549793512
senegal,2008,-0.651796876
senegal,2009,-0.43498158
senegal,2010,-0.309021519
senegal,2011,-0.369757979
senegal,2012,-0.584430116
senegal,2013,-0.483272634
senegal,2014,-0.392554009
senegal,2015,-0.183078631
senegal,2016,-0.179014312
senegal,2017,-0.269354233
senegal,2018,-0.275049114
singapore,1990,-7.436809136
singapore,1991,-8.047932789
singapore,1992,-9.864235347
singapore,1993,-9.408663654
singapore,1994,-8.449847764
singapore,1995,-13.35229073
singapore,1996,-14.48557623
singapore,1997,-14.91106324
singapore,1998,-12.91188404
singapore,1999,-14.08468997
singapore,2000,-19.30062658
singapore,2001,-14.01627834
singapore,2002,-14.81208932
singapore,2003,-15.94088055
singapore,2004,-18.07468529
singapore,2005,-27.26484381
singapore,2006,-33.26702109
singapore,2007,-16.60011787
singapore,2008,-16.67393335
singapore,2009,-5.6505868
singapore,2010,-15.84945328
singapore,2011,-21.50814343
singapore,2012,-20.04258421
singapore,2013,-18.02892163
singapore,2014,-17.6045799
singapore,2015,-14.18661152
singapore,2016,-17.92001881
singapore,2017,-18.84735998
singapore,2018,-19.6742461
slovakia,1990,-3.09302841
slovakia,1991,-1.082615712
slovakia,1992,-1.804244372
slovakia,1993,-1.395697934
slovakia,1994,-0.359433382
slovakia,1995,-0.776802779
slovakia,1996,-1.10433245
slovakia,1997,-0.755406539
slovakia,1998,-1.155269953
slovakia,1999,-0.477871733
slovakia,2000,-0.843470521
slovakia,2001,-0.674952801
slovakia,2002,-0.817485856
slovakia,2003,-0.379433273
slovakia,2004,-0.302387784
slovakia,2005,-0.438968204
slovakia,2006,-1.422198874
slovakia,2007,-2.006827809
slovakia,2008,-2.852501576
slovakia,2009,-2.41551531
slovakia,2010,-2.783352379
slovakia,2011,-3.150177524
slovakia,2012,-2.714073434
slovakia,2013,-2.987963382
slovakia,2014,-3.306971678
slovakia,2015,-3.261587751
slovakia,2016,-2.996661558
slovakia,2017,-3.012972691
slovakia,2018,-3.267935487
slovenia,1990,-0.226135317
slovenia,1991,-0.313071159
slovenia,1992,-1.412292334
slovenia,1993,-0.979108977
slovenia,1994,-0.659531295
slovenia,1995,-0.861424657
slovenia,1996,-0.520289584
slovenia,1997,-0.554112876
slovenia,1998,-0.766612663
slovenia,1999,-0.738365937
slovenia,2000,-1.020899282
slovenia,2001,-0.613534398
slovenia,2002,-0.612844139
slovenia,2003,-0.666121423
slovenia,2004,-0.552803795
slovenia,2005,-0.617156138
slovenia,2006,-1.083858761
slovenia,2007,-1.205778533
slovenia,2008,-1.153685526
slovenia,2009,-0.950457461
slovenia,2010,-1.237182639
slovenia,2011,-1.794855845
slovenia,2012,-1.072840063
slovenia,2013,-1.088301997
slovenia,2014,-1.185935827
slovenia,2015,-1.182837689
slovenia,2016,-1.042806841
slovenia,2017,-1.114670815
slovenia,2018,-1.11949214
south_africa,1990,25.66072508
south_africa,1991,24.03265147
south_africa,1992,21.4460335
south_africa,1993,24.58097447
south_africa,1994,24.93211226
south_africa,1995,27.71207534
south_africa,1996,30.16459953
south_africa,1997,32.28953724
south_africa,1998,32.66083391
south_africa,1999,25.12007072
south_africa,2000,27.33581565
south_africa,2001,30.21635187
south_africa,2002,30.1532547
south_africa,2003,33.96230132
south_africa,2004,34.5165706
south_africa,2005,31.19040653
south_africa,2006,32.88499581
south_africa,2007,37.13315916
south_africa,2008,45.40358226
south_africa,2009,41.60433368
south_africa,2010,37.4839899
south_africa,2011,39.00426575
south_africa,2012,35.25778447
south_africa,2013,35.46065854
south_africa,2014,39.45648133
south_africa,2015,35.37870076
south_africa,2016,37.97895429
south_africa,2017,36.86955616
south_africa,2018,37.30853732
spain,1990,-9.306603675
spain,1991,-8.20606661
spain,1992,-11.61905017
spain,1993,-8.48580526
spain,1994,-6.017497305
spain,1995,-5.473257952
spain,1996,-4.42548567
spain,1997,-2.543923539
spain,1998,-4.565675314
spain,1999,-4.09559494
spain,2000,-5.1544307
spain,2001,-5.793665047
spain,2002,-7.752149184
spain,2003,-6.6494649
spain,2004,-10.06176962
spain,2005,-12.70344513
spain,2006,-18.27899447
spain,2007,-18.86410339
spain,2008,-19.23711769
spain,2009,-14.34267853
spain,2010,-16.19195943
spain,2011,-13.9564089
spain,2012,-8.834219821
spain,2013,-7.968663716
spain,2014,-7.083197799
spain,2015,-3.872348572
spain,2016,-3.581136043
spain,2017,-2.958108748
spain,2018,-4.888236292
sri_lanka,1990,-0.66220045
sri_lanka,1991,-0.759903917
sri_lanka,1992,-0.756538352
sri_lanka,1993,-0.804956871
sri_lanka,1994,-0.874677329
sri_lanka,1995,-0.932099868
sri_lanka,1996,-0.86103316
sri_lanka,1997,-0.757642099
sri_lanka,1998,-0.90752112
sri_lanka,1999,-1.472994139
sri_lanka,2000,-1.362916835
sri_lanka,2001,-1.4392932
sri_lanka,2002,-1.783677408
sri_lanka,2003,-1.616938944
sri_lanka,2004,-1.609182064
sri_lanka,2005,-1.999892469
sri_lanka,2006,-1.83998066
sri_lanka,2007,-1.758996762
sri_lanka,2008,-2.317030504
sri_lanka,2009,-1.878438779
sri_lanka,2010,-2.198382491
sri_lanka,2011,-3.008119258
sri_lanka,2012,-3.253548391
sri_lanka,2013,-3.250467179
sri_lanka,2014,-3.032407761
sri_lanka,2015,-2.730005129
sri_lanka,2016,-2.512927303
sri_lanka,2017,-2.559054994
sri_lanka,2018,-2.727013614
sweden,1990,-7.542085881
sweden,1991,-7.214708658
sweden,1992,-9.725468891
sweden,1993,-7.907513605
sweden,1994,-7.026690471
sweden,1995,-6.924328735
sweden,1996,-7.117232298
sweden,1997,-7.092339134
sweden,1998,-7.189968818
sweden,1999,-6.762044001
sweden,2000,-7.561752725
sweden,2001,-6.158130378
sweden,2002,-6.588928487
sweden,2003,-7.94226765
sweden,2004,-8.53450132
sweden,2005,-8.848290383
sweden,2006,-9.577084769
sweden,2007,-10.41821592
sweden,2008,-9.990042112
sweden,2009,-7.433534371
sweden,2010,-9.057424942
sweden,2011,-9.141838333
sweden,2012,-8.629279334
sweden,2013,-8.041163147
sweden,2014,-7.858823861
sweden,2015,-7.375801495
sweden,2016,-7.223383714
sweden,2017,-7.60170179
sweden,2018,-7.918799596
switzerland,1990,-11.18998646
switzerland,1991,-11.23023378
switzerland,1992,-13.21247588
switzerland,1993,-11.68880993
switzerland,1994,-11.75623402
switzerland,1995,-12.56673163
switzerland,1996,-17.21195305
switzerland,1997,-14.2459738
switzerland,1998,-19.27786049
switzerland,1999,-16.66371039
switzerland,2000,-19.27376474
switzerland,2001,-15.89420078
switzerland,2002,-14.44134542
switzerland,2003,-17.68565802
switzerland,2004,-17.76053598
switzerland,2005,-18.02288771
switzerland,2006,-17.31927929
switzerland,2007,-19.7192708
switzerland,2008,-20.14826726
switzerland,2009,-18.23451545
switzerland,2010,-17.56386775
switzerland,2011,-21.97113464
switzerland,2012,-19.73508913
switzerland,2013,-23.2040321
switzerland,2014,-23.0478606
switzerland,2015,-22.08174672
switzerland,2016,-21.24710445
switzerland,2017,-22.15257689
switzerland,2018,-22.63335672
taiwan,1990,-14.09326024
taiwan,1991,-11.48010399
taiwan,1992,-21.47734615
taiwan,1993,-15.14733488
taiwan,1994,-13.52302885
taiwan,1995,-13.11339967
taiwan,1996,-6.866802558
taiwan,1997,-8.196501266
taiwan,1998,-4.886458545
taiwan,1999,-5.151581105
taiwan,2000,-5.918535115
taiwan,2001,2.068742
taiwan,2002,0.181004043
taiwan,2003,-0.677987024
taiwan,2004,-6.446585549
taiwan,2005,-3.686215078
taiwan,2006,-3.442376995
taiwan,2007,-1.689483551
taiwan,2008,-1.636150624
taiwan,2009,1.717092632
taiwan,2010,-2.177557244
taiwan,2011,0.094831496
taiwan,2012,-2.413369859
taiwan,2013,-1.018346183
taiwan,2014,-0.474640909
taiwan,2015,0.373002563
taiwan,2016,2.065757457
taiwan,2017,1.702337766
taiwan,2018,-0.109776693
thailand,1990,-8.905444108
thailand,1991,-7.073104645
thailand,1992,-13.88875547
thailand,1993,-9.101568353
thailand,1994,-6.806071059
thailand,1995,-5.008958415
thailand,1996,-2.711687472
thailand,1997,1.763655796
thailand,1998,7.975318389
thailand,1999,4.963758976
thailand,2000,4.134291253
thailand,2001,5.868520485
thailand,2002,8.400715826
thailand,2003,5.329806955
thailand,2004,3.56087826
thailand,2005,1.553243627
thailand,2006,3.56982311
thailand,2007,4.015960138
thailand,2008,0.575804667
thailand,2009,4.923813531
thailand,2010,1.869634903
thailand,2011,-0.896230352
thailand,2012,-1.831894644
thailand,2013,-0.056477473
thailand,2014,-0.176443685
thailand,2015,1.794130476
thailand,2016,3.165776948
thailand,2017,2.685643542
thailand,2018,1.478556265
togo,1990,-0.080559141
togo,1991,-0.087809929
togo,1992,-0.099666549
togo,1993,-0.102892751
togo,1994,-0.124915421
togo,1995,-0.136454962
togo,1996,-0.105834393
togo,1997,-0.128009113
togo,1998,-0.158560287
togo,1999,-0.01738206
togo,2000,-0.075400834
togo,2001,-0.157051717
togo,2002,-0.16163425
togo,2003,-0.22186496
togo,2004,-0.247506281
togo,2005,-0.407598848
togo,2006,-0.524664122
togo,2007,-0.879248447
togo,2008,-0.663179364
togo,2009,-0.43739689
togo,2010,-0.561856303
togo,2011,-0.561700692
togo,2012,-1.645095185
togo,2013,-1.394777968
togo,2014,-1.402664506
togo,2015,-1.296523947
togo,2016,-1.177406872
togo,2017,-1.225654034
togo,2018,-1.27435149
trinidad_and_tobago,1990,1.428459066
trinidad_and_tobago,1991,1.2434074
trinidad_and_tobago,1992,1.400401576
trinidad_and_tobago,1993,1.246055607
trinidad_and_tobago,1994,1.307297825
trinidad_and_tobago,1995,1.445967784
trinidad_and_tobago,1996,1.763004731
trinidad_and_tobago,1997,1.555937799
trinidad_and_tobago,1998,1.262789536
trinidad_and_tobago,1999,2.405162008
trinidad_and_tobago,2000,3.141360594
trinidad_and_tobago,2001,3.087646881
trinidad_and_tobago,2002,2.917908192
trinidad_and_tobago,2003,3.390552504
trinidad_and_tobago,2004,3.781207837
trinidad_and_tobago,2005,5.311037462
trinidad_and_tobago,2006,7.892084863
trinidad_and_tobago,2007,6.997344745
trinidad_and_tobago,2008,6.591523126
trinidad_and_tobago,2009,4.030917376
trinidad_and_tobago,2010,5.06308665
trinidad_and_tobago,2011,6.257289038
trinidad_and_tobago,2012,5.839515116
trinidad_and_tobago,2013,5.969570425
trinidad_and_tobago,2014,5.301526427
trinidad_and_tobago,2015,4.140175917
trinidad_and_tobago,2016,2.903580986
trinidad_and_tobago,2017,3.317769056
trinidad_and_tobago,2018,3.34106489
tunisia,1990,-0.817321482
tunisia,1991,-0.491153846
tunisia,1992,-1.780718612
tunisia,1993,-0.971503404
tunisia,1994,-0.560367762
tunisia,1995,-0.673515684
tunisia,1996,-0.572390968
tunisia,1997,-0.70725397
tunisia,1998,-0.17565388
tunisia,1999,-0.368576845
tunisia,2000,-0.835495369
tunisia,2001,-0.231203045
tunisia,2002,-0.418495958
tunisia,2003,0.068455298
tunisia,2004,0.11542931
tunisia,2005,0.340664214
tunisia,2006,0.171408724
tunisia,2007,0.52334983
tunisia,2008,0.057028196
tunisia,2009,0.252880343
tunisia,2010,0.436745866
tunisia,2011,0.281402853
tunisia,2012,0.651211723
tunisia,2013,0.162992732
tunisia,2014,0.247929375
tunisia,2015,0.317111544
tunisia,2016,0.436035915
tunisia,2017,0.486264562
tunisia,2018,0.625815535
turkey,1990,-17.62953017
turkey,1991,-14.84289734
turkey,1992,-22.51182225
turkey,1993,-15.93340009
turkey,1994,-10.79166879
turkey,1995,-11.2739551
turkey,1996,-2.810858033
turkey,1997,-3.0980074
turkey,1998,-4.055148446
turkey,1999,-5.864309355
turkey,2000,-10.2725314
turkey,2001,0.072616341
turkey,2002,-4.108704262
turkey,2003,-4.228190701
turkey,2004,-8.759840815
turkey,2005,-10.64280353
turkey,2006,-10.70508106
turkey,2007,-13.98456559
turkey,2008,-13.61295034
turkey,2009,-5.688539703
turkey,2010,-13.98697647
turkey,2011,-13.24627309
turkey,2012,-11.53023761
turkey,2013,-14.66674572
turkey,2014,-11.96715065
turkey,2015,-9.465237409
turkey,2016,-8.480660916
turkey,2017,-6.345133466
turkey,2018,-3.92227356
uganda,1990,-0.206944609
uganda,1991,-0.210087859
uganda,1992,-0.220731702
uganda,1993,-0.268291096
uganda,1994,-0.275542602
uganda,1995,-0.283637736
uganda,1996,-0.188915873
uganda,1997,-0.218149137
uganda,1998,-0.364252851
uganda,1999,-0.372880245
uganda,2000,-0.239534817
uganda,2001,-0.361570524
uganda,2002,-0.273206482
uganda,2003,-0.374101144
uganda,2004,-0.37838137
uganda,2005,-0.406798164
uganda,2006,-0.518116829
uganda,2007,-0.46510885
uganda,2008,-0.561041022
uganda,2009,-0.676161402
uganda,2010,-0.658878438
uganda,2011,-0.65329982
uganda,2012,-0.763437493
uganda,2013,-0.741037566
uganda,2014,-0.750845694
uganda,2015,-0.692829777
uganda,2016,-0.674797449
uganda,2017,-0.633273255
uganda,2018,-0.664574355
ukraine,1990,54.73792405
ukraine,1991,47.26736633
ukraine,1992,39.94374889
ukraine,1993,36.80817996
ukraine,1994,39.00662749
ukraine,1995,45.87651954
ukraine,1996,19.21015161
ukraine,1997,18.58018685
ukraine,1998,23.22246308
ukraine,1999,16.99864009
ukraine,2000,20.13825679
ukraine,2001,13.89998905
ukraine,2002,12.59131278
ukraine,2003,21.71945564
ukraine,2004,25.8868624
ukraine,2005,18.73130964
ukraine,2006,21.0348357
ukraine,2007,16.98397625
ukraine,2008,13.65904875
ukraine,2009,11.61367576
ukraine,2010,13.45583664
ukraine,2011,12.65934554
ukraine,2012,11.51810003
ukraine,2013,10.06579656
ukraine,2014,9.143981164
ukraine,2015,7.736145142
ukraine,2016,7.819986566
ukraine,2017,5.42234409
ukraine,2018,3.146922112
united_arab_emirates,1990,-1.193064207
united_arab_emirates,1991,-1.326230577
united_arab_emirates,1992,-1.669408966
united_arab_emirates,1993,-1.118782814
united_arab_emirates,1994,-1.453951681
united_arab_emirates,1995,-2.056984982
united_arab_emirates,1996,-1.965938849
united_arab_emirates,1997,-2.209446739
united_arab_emirates,1998,-3.488670918
united_arab_emirates,1999,-0.968589897
united_arab_emirates,2000,2.293045826
united_arab_emirates,2001,-1.156018883
united_arab_emirates,2002,-3.799868871
united_arab_emirates,2003,-6.415323158
united_arab_emirates,2004,-9.37493885
united_arab_emirates,2005,-13.70141685
united_arab_emirates,2006,-14.08704152
united_arab_emirates,2007,-19.26288394
united_arab_emirates,2008,-25.04397418
united_arab_emirates,2009,-8.125259649
united_arab_emirates,2010,-10.43930124
united_arab_emirates,2011,-11.83582377
united_arab_emirates,2012,-2.81401122
united_arab_emirates,2013,-4.471459674
united_arab_emirates,2014,-5.633863483
united_arab_emirates,2015,-0.439924471
united_arab_emirates,2016,-0.889107744
united_arab_emirates,2017,-7.059302254
united_arab_emirates,2018,-9.576585688
united_kingdom,1990,-18.69011259
united_kingdom,1991,-18.58393765
united_kingdom,1992,-27.03807847
united_kingdom,1993,-21.47396265
united_kingdom,1994,-20.90661285
united_kingdom,1995,-21.9695449
united_kingdom,1996,-24.26551452
united_kingdom,1997,-30.39906403
united_kingdom,1998,-35.63986527
united_kingdom,1999,-34.00359086
united_kingdom,2000,-35.09391013
united_kingdom,2001,-35.22397378
united_kingdom,2002,-37.68884674
united_kingdom,2003,-38.72345676
united_kingdom,2004,-44.51354839
united_kingdom,2005,-42.75350569
united_kingdom,2006,-47.60758513
united_kingdom,2007,-51.85270817
united_kingdom,2008,-45.33698496
united_kingdom,2009,-44.26850231
united_kingdom,2010,-46.35246211
united_kingdom,2011,-43.3830124
united_kingdom,2012,-41.64319751
united_kingdom,2013,-37.82185773
united_kingdom,2014,-41.1337078
united_kingdom,2015,-40.21694883
united_kingdom,2016,-38.87265617
united_kingdom,2017,-40.42803363
united_kingdom,2018,-43.67578646
united_republic_of_tanzania,1990,-0.367468815
united_republic_of_tanzania,1991,-0.386081031
united_republic_of_tanzania,1992,-0.391123612
united_republic_of_tanzania,1993,-0.395179776
united_republic_of_tanzania,1994,-0.427565295
united_republic_of_tanzania,1995,-0.414038497
united_republic_of_tanzania,1996,-0.343665603
united_republic_of_tanzania,1997,-0.392650675
united_republic_of_tanzania,1998,-0.466704871
united_republic_of_tanzania,1999,-0.526937195
united_republic_of_tanzania,2000,-0.646619666
united_republic_of_tanzania,2001,-0.612780419
united_republic_of_tanzania,2002,-0.628904847
united_republic_of_tanzania,2003,-0.712445592
united_republic_of_tanzania,2004,-0.702156146
united_republic_of_tanzania,2005,-0.790705187
united_republic_of_tanzania,2006,-0.992619774
united_republic_of_tanzania,2007,-0.913777676
united_republic_of_tanzania,2008,-1.384778788
united_republic_of_tanzania,2009,-1.356058811
united_republic_of_tanzania,2010,-1.302583254
united_republic_of_tanzania,2011,-1.783503765
united_republic_of_tanzania,2012,-2.112849999
united_republic_of_tanzania,2013,-2.638369859
united_republic_of_tanzania,2014,-2.604100141
united_republic_of_tanzania,2015,-2.410362908
united_republic_of_tanzania,2016,-2.343532709
united_republic_of_tanzania,2017,-2.391598443
united_republic_of_tanzania,2018,-2.540260605
united_states_of_america,1990,22.70431015
united_states_of_america,1991,30.45412742
united_states_of_america,1992,10.24154154
united_states_of_america,1993,20.91677671
united_states_of_america,1994,18.6301473
united_states_of_america,1995,19.04452768
united_states_of_america,1996,24.13358649
united_states_of_america,1997,16.1912667
united_states_of_america,1998,-16.29567257
united_states_of_america,1999,-41.38314808
united_states_of_america,2000,-66.98720379
united_states_of_america,2001,-70.33839508
united_states_of_america,2002,-91.59568843
united_states_of_america,2003,-99.5774312
united_states_of_america,2004,-120.2264522
united_states_of_america,2005,-123.8973354
united_states_of_america,2006,-145.7228122
united_states_of_america,2007,-130.8809357
united_states_of_america,2008,-106.5915001
united_states_of_america,2009,-84.05028233
united_states_of_america,2010,-84.86839153
united_states_of_america,2011,-105.0334469
united_states_of_america,2012,-98.33152968
united_states_of_america,2013,-83.10562673
united_states_of_america,2014,-79.85616836
united_states_of_america,2015,-86.37101483
united_states_of_america,2016,-86.6783804
united_states_of_america,2017,-92.22732704
united_states_of_america,2018,-93.47793624
uruguay,1990,-0.257826981
uruguay,1991,-0.248399955
uruguay,1992,-0.266944085
uruguay,1993,-0.324199694
uruguay,1994,-0.368974732
uruguay,1995,-0.398047275
uruguay,1996,-0.514208784
uruguay,1997,-0.673795168
uruguay,1998,-0.773653763
uruguay,1999,-0.888835161
uruguay,2000,-0.874308326
uruguay,2001,-0.715110405
uruguay,2002,-0.486118072
uruguay,2003,-0.547842915
uruguay,2004,-0.566617111
uruguay,2005,-0.700728302
uruguay,2006,-0.647648479
uruguay,2007,-0.781451946
uruguay,2008,-0.788436728
uruguay,2009,-0.618049572
uruguay,2010,-1.081683328
uruguay,2011,-1.15011122
uruguay,2012,-1.369978036
uruguay,2013,-1.442961336
uruguay,2014,-1.463644582
uruguay,2015,-1.295026912
uruguay,2016,-1.2535261
uruguay,2017,-1.314982754
uruguay,2018,-1.439373954
venezuela,1990,7.520322497
venezuela,1991,4.720760569
venezuela,1992,2.86993904
venezuela,1993,4.118067811
venezuela,1994,5.554043872
venezuela,1995,4.504850358
venezuela,1996,6.329116254
venezuela,1997,3.947665936
venezuela,1998,3.123909506
venezuela,1999,15.17939949
venezuela,2000,17.49742665
venezuela,2001,14.08145488
venezuela,2002,24.03924629
venezuela,2003,14.98028754
venezuela,2004,11.14941432
venezuela,2005,12.63182716
venezuela,2006,14.04142426
venezuela,2007,9.451568866
venezuela,2008,10.00927986
venezuela,2009,1.023396316
venezuela,2010,6.587184826
venezuela,2011,5.317404586
venezuela,2012,2.941499893
venezuela,2013,3.023694911
venezuela,2014,-0.017703435
venezuela,2015,-3.827572866
venezuela,2016,-3.51865151
venezuela,2017,-4.057133345
venezuela,2018,-5.986977676
viet_nam,1990,-0.507311659
viet_nam,1991,-0.45903563
viet_nam,1992,-0.448727542
viet_nam,1993,-0.602501317
viet_nam,1994,-0.597261819
viet_nam,1995,-0.633953632
viet_nam,1996,-0.865277843
viet_nam,1997,-0.19769715
viet_nam,1998,-0.046491828
viet_nam,1999,0.974316736
viet_nam,2000,1.109932904
viet_nam,2001,1.443415897
viet_nam,2002,1.421425609
viet_nam,2003,-2.201506103
viet_nam,2004,-1.751778116
viet_nam,2005,-1.728118126
viet_nam,2006,-2.815400862
viet_nam,2007,-4.520622382
viet_nam,2008,-5.44583438
viet_nam,2009,-5.344335311
viet_nam,2010,-5.06449597
viet_nam,2011,-4.569674812
viet_nam,2012,-5.775485391
viet_nam,2013,-11.06922593
viet_nam,2014,-8.629475986
viet_nam,2015,-4.111611361
viet_nam,2016,-2.113613029
viet_nam,2017,-2.062906648
viet_nam,2018,1.266928531
zambia,1990,-0.080520468
zambia,1991,-0.150748773
zambia,1992,-0.16076753
zambia,1993,-0.206761281
zambia,1994,-0.238898331
zambia,1995,-0.29980795
zambia,1996,-0.374738557
zambia,1997,-0.490725145
zambia,1998,-0.446248235
zambia,1999,-0.387507869
zambia,2000,-0.568828575
zambia,2001,-0.55175132
zambia,2002,-0.549755872
zambia,2003,-0.506304134
zambia,2004,-0.43903712
zambia,2005,-0.451295248
zambia,2006,-0.670233055
zambia,2007,-0.840535546
zambia,2008,-1.248628061
zambia,2009,-0.896451621
zambia,2010,-0.777257864
zambia,2011,-1.152160507
zambia,2012,-0.818387138
zambia,2013,-1.185818967
zambia,2014,-1.210195152
zambia,2015,-1.090979674
zambia,2016,-1.060938198
zambia,2017,-0.890477954
zambia,2018,-0.834172247
zimbabwe,1990,-0.603961362
zimbabwe,1991,-0.483890378
zimbabwe,1992,-0.252058226
zimbabwe,1993,-0.231727278
zimbabwe,1994,-0.026648334
zimbabwe,1995,-0.310167746
zimbabwe,1996,-0.435875355
zimbabwe,1997,-0.326732503
zimbabwe,1998,0.09710894
zimbabwe,1999,0.465417058
zimbabwe,2000,0.602388463
zimbabwe,2001,0.428933004
zimbabwe,2002,-0.087653069
zimbabwe,2003,0.13647096
zimbabwe,2004,-0.04741518
zimbabwe,2005,0.151879586
zimbabwe,2006,-0.027254194
zimbabwe,2007,-0.270174139
zimbabwe,2008,-0.429532256
zimbabwe,2009,-0.706823448
zimbabwe,2010,-0.405385589
zimbabwe,2011,-0.307749013
zimbabwe,2012,-0.801508515
zimbabwe,2013,-0.275962109
zimbabwe,2014,-0.340651936
zimbabwe,2015,-0.310574062
zimbabwe,2016,-0.370206571
zimbabwe,2017,-0.416743657
zimbabwe,2018,-0.40254429
